Resort Name,Affiliate link,pridce level,Average Customer Rating,Food Rating (1-10),Beach Ranking (1-10),Pool Rating (1-10),Atmosphere Rating (1-10),Location Rank (1-10),Room Ratings (1-10),Value Rating (1-10),Cleanliness Rating (1-10),Service Rating (1-10),Sleep Quality (1-10),Country,Area,Airport,"Family /
Adults Only",Notes,Amenities
Nayara Bocas Del Toro,https://www.agoda.com/partners/partnersearch.aspx?pcs=1&cid=1959986&hl=en-us&hid=70643919,$$$$,9.9,9.2,N/A,9.3,9.8,9.7,9.8,9.1,9.8,9.8,9.6,Panama,Tierra Oscura,Bocas Del Toro,Adults Only,16+ Allowed,"Beach, Hiking, Fishing, Gym, Room Service, Diving, Snorkelling, Wi-Fi Free"
"The Aerial, BVI",https://www.agoda.com/en-us/the-aerial-bvi-all-inclusive-h86875752/hotel/the-mill-vg.html?cid=1959986,$$$$,9.8,8.8,8.0,7.8,9.2,9.7,9.5,9.1,9.6,9.8,9.7,British Virgin Islands,Buck Island,Beef Island,Family,,"Beach, Heated Pool, Spa, Gym, Horseback Riding, Watersports Equipment Rentals, Hiking, Snorkelling, Yoga Classes, Wi-Fi Free"
Coco Plum Island Resort,https://www.agoda.com/partners/partnersearch.aspx?pcs=1&cid=1959986&hl=en-us&hid=260388,$$$$,9.9,8.5,8.5,6.6,8.8,9.7,9.6,9.6,9.7,9.9,9.4,Belize,Coco Plum Cay,Philip S.W. Goldson,Adults Only,,"Beach, Diving, Fishing, Yoga Classes, Snorkelling, Watersports Equipment Rentals, Wi-Fi Free"
Sansara Surf & Yoga Resort,https://www.agoda.com/partners/partnersearch.aspx?pcs=1&cid=1959986&hl=en-us&hid=1003976,$$$$,9.9,8.6,7.0,7.1,8.8,9.5,9.5,9.2,9.7,9.7,9.4,Panama,Cambutal,Tocumen,Family,,"Yoga Classes, Bicycles Available, Hiking, Snorkelling, Beach, Adult Pool, Horseback Riding, Fishing, Spa, Wi-Fi Free"
Serenity at Coconut Bay,https://www.agoda.com/partners/partnersearch.aspx?pcs=1&cid=1959986&hl=en-us&hid=5675078,$$$$,9.9,8.7,5.3,8.5,8.7,9.1,9.7,9.5,9.7,9.8,9.7,Saint Lucia,Vieux Fort,Hewanorra,Adults Only,,"Beach, Gym, Spa, Tennis, Snorkelling, Room Service, Evening Entertainment, Buffet, Wi-Fi Free"
Fairmont Heritage Place Mayakoba,https://www.agoda.com/partners/partnersearch.aspx?pcs=1&cid=1959986&hl=en-us&hid=17641650,$$$$,9.8,9.0,6.5,8.6,8.8,9.8,9.7,8.9,9.8,9.7,9.4,Mexico,Playa del Carmen,Cancun,Family,,"Beach, Kids Club, Gym, Golf Course, Tennis, Spa, Babysitting, Archery, Snorkelling, Windsurfing, Pets Allowed, Bicycles Available, Hiking, Watersports Equipment Rentals, Yoga Classes, Room Service, Evening Entertainment, Wi-Fi Free, Rooms for 5+ People"
Grand Velas Boutique Hotel Los Cabos,https://www.agoda.com/partners/partnersearch.aspx?pcs=1&cid=1959986&hl=en-us&hid=61384910,$$$$,9.9,9.7,7.1,8.9,9.3,9.6,9.9,9.3,9.9,9.9,9.9,Mexico,Los Cabos,Los Cabos,Adults Only,,"Beach, Heated Pool, Snorkelling, Fishing, Nightclub, Spa, Gym, Yoga Classes, Swim Up Bar, Room Service, Evening Entertainment, Buffet, Wi-Fi Free"
Villa on Dunbar Rock,https://www.agoda.com/partners/partnersearch.aspx?pcs=1&cid=1959986&hl=en-us&city=706194,,9.7,7.6,N/A,7.3,8.4,9.5,9.3,9.5,9.4,9.5,9.1,Honduras,Guanaja,Roatan,Adults Only,,"Beach, Gym, Diving, Snorkelling, Wi-Fi Free"
Japaratinga Lounge Resort,https://www.agoda.com/partners/partnersearch.aspx?pcs=1&cid=1959986&hl=en-us&hid=6175367,$$$$,9.7,7.7,7.8,7.2,8.0,9.0,9.4,9.0,9.5,9.5,9.4,Brazil,Japaratinga,Palmares,Family,,"Gym, Bicycles Available, Lazy River, Snorkelling, Evening Entertainment, Pets Allowed, Beach, Heated Pool, Hiking, Nightclub, Kids Club, Buffet, Wi-Fi Free"
Palafitos Overwater Bungalows,https://www.agoda.com/partners/partnersearch.aspx?pcs=1&cid=1959986&hl=en-us&hid=10913807,$$$$,9.7,8.8,6.3,8.0,9.2,9.7,9.9,9.0,9.8,9.7,9.6,Mexico,Playa del Carmen,Cancun,Adults Only,,"Beach, Gym, Spa, Nightclub, Room Service, Wi-Fi Free"
Calabash Hotel,https://www.agoda.com/partners/partnersearch.aspx?pcs=1&cid=1959986&hl=en-us&hid=374759,$$$$,9.7,9.4,7.5,7.6,8.7,9.3,9.5,9.0,9.7,9.8,9.7,Grenada,Lance aux Epines,Point Saline,Family,"Can't Book Kids Online, Max 3 per Room","Beach, Gym, Diving, Babysitting, Tennis, Snorkelling, Yoga Classes, Room Service, Wi-Fi Free"
East Winds Saint Lucia,https://www.agoda.com/partners/partnersearch.aspx?pcs=1&cid=1959986&hl=en-us&hid=507737,$$$$,9.8,8.9,7.0,6.7,8.4,9.2,9.2,9.1,9.6,9.8,9.2,Saint Lucia,Gros Islet,George F. L. Charles,Family,Max 3 per Room,"Yoga Classes, Swim Up Bar, Hiking, Snorkelling, Fishing, Spa, Beach, Buffet, Diving, Horseback Riding, Evening Entertainment, Wi-Fi Free"
Trobbu Boutique Collection Tulum,https://www.agoda.com/partners/partnersearch.aspx?pcs=1&cid=1959986&hl=en-us&hid=60728298,$$$$,9.2,8.3,5.0,8.0,8.4,8.5,9.2,8.6,9.4,9.1,9.3,Mexico,Tulum,Tulum,Family,,"Gym, Pets Allowed, Yoga Classes, Rooms for 5+ People"
Pine Cay,https://www.agoda.com/partners/partnersearch.aspx?pcs=1&cid=1959986&hl=en-us&hid=75914433,$$$$,9.7,9.0,10.0,6.9,9.2,9.8,9.4,8.9,9.8,9.7,9.7,Turks and Caicos,Pine Cay,Providenciales,Adults Only,"Max 2 per Room, Alcohol not included, 13+ Allowed","Bicycles Available, Room Service, Hiking, Tennis, Fishing, Beach, Diving, Snorkelling, Watersports Equipment Rentals, Spa, Wi-Fi Free"
Guana Island,https://www.agoda.com/partners/partnersearch.aspx?pcs=1&cid=1959986&hl=en-us,$$$$,9.8,9.3,9.3,7.0,9.2,9.9,9.5,9.0,9.7,9.8,9.5,British Virgin Islands,Guana Island,Beef Island,Family,,"Beach, Tennis, Snorkelling, Buffet, Wi-Fi Paid, Rooms for 5+ People"
Grand Velas Los Cabos,https://www.agoda.com/partners/partnersearch.aspx?pcs=1&cid=1959986&hl=en-us&hid=7011018,$$$$,9.8,9.9,5.9,9.8,9.4,9.5,9.9,9.3,9.9,9.9,9.6,Mexico,Cabo San Lucas,Los Cabos,Family,,"Beach, Kids Club, Teen Club, Heated Pool, Gym, Spa, Babysitting, Adult Pool, Swim Up Bar, Room Service, Evening Entertainment, Buffet, Wi-Fi Free, Rooms for 5+ People"
Small Hope Bay Lodge,https://www.agoda.com/partners/partnersearch.aspx?pcs=1&cid=1959986&hl=en-us&hid=51409458,$$$,9.7,7.6,6.8,4.5,7.6,9.3,8.2,8.9,8.8,9.5,8.7,Bahamas,Andros,Lynden Pindling,Family,"No TV, AC is an additional charge","Beach, Babysitting, Diving, Fishing, Bicycles Available, Snorkelling, Pets Allowed, Buffet, Wi-Fi Free, Rooms for 5+ People"
Palmaïa The House of AïA,https://www.agoda.com/partners/partnersearch.aspx?pcs=1&cid=1959986&hl=en-us&hid=10544833,$$$$,9.7,9.3,6.8,8.6,9.1,9.5,9.7,9.2,9.7,9.7,9.6,Mexico,Playa del Carmen,Cancun,Family,Vegan,"Beach, Kids Club, Gym, Swim Up Bar, Spa, Babysitting, Diving, Bicycles Available, Snorkelling, Yoga Classes, Room Service, Wi-Fi Free"
Ambergris Cay,https://www.agoda.com/partners/partnersearch.aspx?pcs=1&cid=1959986&hl=en-us&hid=55971551,$$$$,9.8,8.8,8.8,8.1,8.9,9.9,9.9,9.1,9.9,9.8,9.5,Turks and Caicos,Big Ambergris Cay,Providenciales,Family,,"Gym, Bicycles Available, Hiking, Snorkelling, Watersports Equipment Rentals, Evening Entertainment, Yoga Classes, Heated Pool, Room Service, Tennis, Windsurfing, Fishing, Babysitting, Spa, Beach, Kids Club, Wi-Fi Free, Rooms for 5+ People"
Hammock Cove Antigua,https://www.agoda.com/partners/partnersearch.aspx?pcs=1&cid=1959986&hl=en-us&hid=30608262,$$$$,9.6,8.8,5.8,8.7,8.6,9.3,9.7,8.9,9.6,9.6,9.3,Antigua,Antigua,V.C. Bird,Adults Only,,"Beach, Gym, Diving, Spa, Snorkelling, Fishing, Hiking, Watersports Equipment Rentals, Yoga Classes, Room Service, Wi-Fi Free"
Jumby Bay Island,https://www.agoda.com/partners/partnersearch.aspx?pcs=1&cid=1959986&hl=en-us&hid=55334053,$$$$,9.5,9.5,9.3,8.7,9.6,9.7,9.5,8.4,9.7,9.7,9.7,Antigua,Long Island,V.C. Bird,Family,,"Beach, Kids Club, Babysitting, Snorkelling, Spa, Gym, Bicycles Available, Fishing, Tennis, Buffet, Wi-Fi Free"
Drake Bay Getaway Resort,https://www.agoda.com/partners/partnersearch.aspx?pcs=1&cid=1959986&hl=en-us&hid=784592,$$$,9.9,8.5,5.8,5.5,8.7,9.5,9.6,9.6,9.8,9.9,9.5,Costa Rica,Drake Bay,San Jose Juan Santamaria,Family,Alcohol not included,"Beach, Diving, Horseback Riding, Hiking, Snorkelling, Fishing, Wi-Fi Free"
The Caves,https://www.agoda.com/partners/partnersearch.aspx?pcs=1&cid=1959986&hl=en-us&hid=27805013,$$$$,9.6,8.8,N/A,5.9,9.1,9.7,9.2,9.1,9.4,9.7,9.1,Jamaica,Negril,Sangster,Adults Only,,"Yoga Classes, Snorkelling, Watersports Equipment Rentals, Fishing, Diving, Spa, Evening Entertainment, Wi-Fi Free"
Jade Mountain Resort,https://www.agoda.com/partners/partnersearch.aspx?pcs=1&cid=1959986&hl=en-us&hid=2728143,$$$$,9.6,9.4,7.2,9.6,9.8,9.7,9.8,8.4,9.8,9.7,9.6,Saint Lucia,Soufriere,George F. L. Charles,Adults Only,,"Beach, Gym, Diving, Tennis, Snorkelling, Spa, Room Service, Wi-Fi Free"
Excellence Riviera Cancun,https://www.agoda.com/partners/partnersearch.aspx?pcs=1&cid=1959986&hl=en-us&hid=182739,$$$$,9.6,8.0,6.8,8.8,8.3,9.1,9.3,9.3,9.5,9.5,9.2,Mexico,Puerto Morelos,Cancun,Adults Only,,"Beach, Heated Pool, Gym, Diving, Room Service, Tennis, Nightclub, Lazy River, Swim Up Bar, Snorkelling, Fishing, Evening Entertainment, Buffet, Restaurants Don't Require Reservations, Wi-Fi Free"
Beloved Playa Mujeres,https://www.agoda.com/partners/partnersearch.aspx?pcs=1&cid=1959986&hl=en-us&hid=2677429,$$$$,9.6,8.5,7.5,8.2,8.7,9.1,9.5,9.4,9.7,9.7,9.2,Mexico,Playa Mujeres,Cancun,Adults Only,Couples Only,"Beach, Heated Pool, Gym, Diving, Spa, Swim Up Bar, Snorkelling, Room Service, Buffet, Wi-Fi Free"
Casa Velas,https://www.agoda.com/partners/partnersearch.aspx?pcs=1&cid=1959986&hl=en-us&hid=2451484,$$$$,9.6,8.3,3.0,7.3,8.0,8.5,9.1,9.0,9.5,9.6,9.1,Mexico,Puerto Vallarta,Ordaz,Adults Only,,"Beach, Heated Pool, Gym, Room Service, Swim Up Bar, Golf Course, Spa, Evening Entertainment, Wi-Fi Free"
Atelier Playa Mujeres,https://www.agoda.com/partners/partnersearch.aspx?pcs=1&cid=1959986&hl=en-us&hid=9771240,$$$$,9.6,9.0,7.5,8.7,8.9,9.4,9.7,9.3,9.7,9.6,9.4,Mexico,Playa Mujeres,Cancun,Adults Only,16+ Allowed,"Beach, Heated Pool, Gym, Bicycles Available, Room Service, Snorkelling, Spa, Pets Allowed, Swim Up Bar, Golf Course, Watersports Equipment Rentals, Nightclub, Evening Entertainment, Buffet, Wi-Fi Free"
Hyatt Zilara Cap Cana,https://www.agoda.com/partners/partnersearch.aspx?pcs=1&cid=1959986&hl=en-us&hid=6596568,$$$$,9.7,8.5,7.5,8.5,8.5,9.5,9.5,9.3,9.7,9.6,9.2,Dominican Republic,Cap Cana,Punta Cana,Adults Only,,"Beach, Heated Pool, Gym, Yoga Classes, Swim Up Bar, Spa, Room Service, Nightclub, Evening Entertainment, Buffet, Restaurants Don't Require Reservations, Wi-Fi Free, Lazy River"
Grand Velas Riviera Nayarit,https://www.agoda.com/partners/partnersearch.aspx?pcs=1&cid=1959986&hl=en-us&hid=2457054,$$$$,9.5,9.7,6.5,8.7,8.7,9.3,9.6,8.9,9.8,9.8,9.7,Mexico,Nuevo Vallarta,Ordaz,Family,,"Beach, Kids Club, Teen Club, Heated Pool, Gym, Bicycles Available, Swim Up Bar, Diving, Nightclub, Spa, Babysitting, Room Service, Tennis, Evening Entertainment, Buffet, Wi-Fi Paid"
Grand Velas Riviera Maya,https://www.agoda.com/partners/partnersearch.aspx?pcs=1&cid=1959986&hl=en-us&hid=2449277,$$$$,9.7,9.9,6.3,9.7,9.3,9.3,9.6,8.9,9.8,9.7,9.4,Mexico,Playa del Carmen,Cancun,Family,,"Beach, Kids Club, Teen Club, Heated Pool, Gym, Diving, Spa, Babysitting, Swim Up Bar, Fishing, Room Service, Evening Entertainment, Buffet, Wi-Fi Free, Arcade, Rooms for 5+ People"
Cayo Levantado Resort,https://www.agoda.com/partners/partnersearch.aspx?pcs=1&cid=1959986&hl=en-us&hid=69643624,$$$$,9.5,8.7,8.3,8.4,8.6,9.4,9.7,9.0,9.7,9.5,9.6,Dominican Republic,Cayo Levantado,Samaná El Catey,Family,,"Beach, Gym, Tennis, Room Service, Spa, Evening Entertainment, Buffet, Wi-Fi Free, Rooms for 5+ People"
La Casa de La Playa,https://www.agoda.com/partners/partnersearch.aspx?pcs=1&cid=1959986&hl=en-us&hid=393518,$$$$,9.5,9.9,5.8,10.0,9.9,9.7,9.8,9.2,9.8,9.8,9.3,Mexico,Playa del Carmen,Cancun,Adults Only,16+ Allowed,"Beach, Gym, Swim Up Bar, Spa, Bicycles Available, Pets Allowed, Snorkelling, Yoga Classes, Room Service, Wi-Fi Free"
Spice Island Beach Resort,https://www.agoda.com/partners/partnersearch.aspx?pcs=1&cid=1959986&hl=en-us&hid=10913720,$$$$,9.7,9.4,9.5,7.4,9.0,9.5,9.7,8.9,9.7,9.8,9.1,Grenada,Grand Anse,Point Saline,Family,,"Beach, Kids Club, Gym, Bicycles Available, Room Service, Tennis, Spa, Babysitting, Diving, Pets Allowed, Buffet, Wi-Fi Free"
Hermitage Bay,https://www.agoda.com/partners/partnersearch.aspx?pcs=1&cid=1959986&hl=en-us&hid=74400849,$$$$,9.6,9.4,8.3,9.2,9.3,9.6,9.6,8.8,9.6,9.7,9.4,Antigua,Saint Mary's,V.C. Bird,Adults Only,14+ Allowed,"Beach, Gym, Yoga Classes, Room Service, Diving, Horseback Riding, Windsurfing, Fishing, Hiking, Snorkelling, Spa, Evening Entertainment, Wi-Fi Free"
The Cliff Hotel,https://www.agoda.com/partners/partnersearch.aspx?pcs=1&cid=1959986&hl=en-us&hid=344574,$$$$,9.8,8.7,N/A,7.4,8.6,9.2,9.7,9.4,9.6,9.6,8.8,Jamaica,West End,Sangster,Family,,"Gym, Yoga Classes, Swim Up Bar, Snorkelling, Babysitting, Room Service, Spa, Wi-Fi Free"
The Beachfront By The Fives,https://www.agoda.com/partners/partnersearch.aspx?pcs=1&cid=1959986&hl=en-us&hid=67289238,$$$$,9.5,7.5,5.8,7.3,7.6,8.7,9.3,9.0,9.3,9.3,8.9,Mexico,Playa del Carmen,Cancun,Adults Only,,"Beach, Gym, Spa, Snorkelling, Room Service, Wi-Fi Free"
JOIA Paraíso by Iberostar,https://www.agoda.com/partners/partnersearch.aspx?pcs=1&cid=1959986&hl=en-us&hid=85333483,$$$$,9.5,8.1,7.0,8.2,8.0,8.8,9.3,9.0,9.4,9.4,8.5,Mexico,Playa Paraiso,Cancun,Adults Only,,"Beach, Gym, Diving, Swim Up Bar, Golf Course, Spa, Tennis, Evening Entertainment, Buffet, Wi-Fi Free"
Secrets Maroma Beach Riviera Cancun,https://www.agoda.com/partners/partnersearch.aspx?pcs=1&cid=1959986&hl=en-us&hid=2455849,$$$$,9.6,8.4,8.2,8.4,8.7,9.6,9.5,9.1,9.7,9.5,9.0,Mexico,Playa Maroma,Cancun,Adults Only,,"Beach, Gym, Diving, Swim Up Bar, Snorkelling, Spa, Room Service, Tennis, Nightclub, Evening Entertainment, Buffet, Restaurants Don't Require Reservations, Wi-Fi Free"
Excellence Playa Mujeres,https://www.agoda.com/partners/partnersearch.aspx?pcs=1&cid=1959986&hl=en-us&hid=2540402,$$$$,9.5,8.7,7.5,9.1,8.7,9.2,9.5,9.3,9.7,9.6,9.6,Mexico,Playa Mujeres,Cancun,Adults Only,,"Beach, Heated Pool, Gym, Diving, Lazy River, Snorkelling, Swim Up Bar, Tennis, Nightclub, Spa, Room Service, Evening Entertainment, Buffet, Restaurants Don't Require Reservations, Wi-Fi Free"
JOIA Bávaro by Iberostar,https://www.agoda.com/partners/partnersearch.aspx?pcs=1&cid=1959986&hl=en-us&hid=85333558,$$$$,9.6,8.0,8.0,7.8,7.9,8.9,9.2,8.9,9.4,9.3,8.9,Dominican Republic,Bavaro,Punta Cana,Adults Only,,"Beach, Gym, Diving, Tennis, Fishing, Nightclub, Spa, Room Service, Swim Up Bar, Golf Course, Evening Entertainment, Buffet"
Keyonna Beach Resort,https://www.agoda.com/partners/partnersearch.aspx?pcs=1&cid=1959986&hl=en-us&hid=28728629,$$$$,9.5,8.2,7.5,6.5,8.6,9.3,9.1,9.1,9.4,9.5,8.8,Antigua,Turners Beach,V.C. Bird,Adults Only,,"Beach, Yoga Classes, Snorkelling, Room Service, Evening Entertainment, Restaurants Don't Require Reservations, Wi-Fi Free"
BodyHoliday Saint Lucia,https://www.agoda.com/partners/partnersearch.aspx?pcs=1&cid=1959986&hl=en-us&hid=55708514,$$$$,9.4,8.5,6.8,7.1,8.2,8.9,8.5,8.6,9.2,9.3,9.1,Saint Lucia,Cap Estate,George F. L. Charles,Adults Only,12+ Allowed,"Beach, Gym, Archery, Yoga Classes, Hiking, Tennis, Nightclub, Bicycles Available, Diving, Golf Course, Snorkelling, Windsurfing, Spa, Evening Entertainment, Buffet"
Belizean Dreams Resort,https://www.agoda.com/partners/partnersearch.aspx?pcs=1&cid=1959986&hl=en-us&hid=70043399,$$$,9.7,7.7,5.5,6.9,7.6,9.0,9.1,9.2,9.3,9.5,8.8,Belize,Hopkins,Philip S.W. Goldson,Family,,"Beach, Snorkelling, Fishing, Bicycles Available, Diving, Horseback Riding, Wi-Fi Free, Rooms for 5+ People"
The Tower by Temptation Cancun Resort,https://www.agoda.com/partners/partnersearch.aspx?pcs=1&cid=1959986&hl=en-us&hid=48925496,$$$$,9.5,7.0,7.0,7.6,7.5,8.8,9.0,9.0,9.1,9.3,8.2,Mexico,Cancun,Cancun,Adults Only,Optional Topless Areas,"Beach, Gym, Windsurfing, Yoga Classes, Swim Up Bar, Nightclub, Spa, Room Service, Evening Entertainment, Buffet, Wi-Fi Free"
Matachica Resort and Spa,https://www.agoda.com/partners/partnersearch.aspx?pcs=1&cid=1959986&hl=en-us&hid=23727236,$$$$,9.5,8.8,6.0,6.9,8.6,8.9,9.4,8.7,9.4,9.5,9.3,Belize,San Pedro,San Pedro,Adults Only,"16+ Allowed, Alcohol not included","Beach, Bicycles Available, Diving, Watersports Equipment Rentals, Fishing, Spa, Snorkelling, Wi-Fi Free"
Secrets Akumal Riviera Maya,https://www.agoda.com/partners/partnersearch.aspx?pcs=1&cid=1959986&hl=en-us&hid=2459301,$$$$,9.6,8.4,9.2,8.5,8.7,9.3,9.4,9.1,9.6,9.5,9.5,Mexico,Akumal,Tulum,Adults Only,,"Beach, Heated Pool, Gym, Diving, Tennis, Evening Entertainment, Spa, Swim Up Bar, Snorkelling, Nightclub, Buffet, Wi-Fi Free"
Jamaica Inn,https://www.agoda.com/partners/partnersearch.aspx?pcs=1&cid=1959986&hl=en-us&hid=26930999,$$$$,9.7,8.8,8.3,6.1,9.0,9.4,9.5,8.9,9.7,9.8,9.4,Jamaica,Ochos Rios,Sangster,Adults Only,,"Gym, Yoga Classes, Diving, Snorkelling, Fishing, Spa, Beach, Room Service, Horseback Riding, Watersports Equipment Rentals, Evening Entertainment, Wi-Fi Free"
Curtain Bluff,https://www.agoda.com/partners/partnersearch.aspx?pcs=1&cid=1959986&hl=en-us&hid=85315337,$$$$,9.5,8.9,7.8,6.9,8.6,9.5,9.3,8.9,9.5,9.6,9.2,Antigua,Saint Mary's,V.C. Bird,Family,,"Beach, Kids Club, Gym, Diving, Tennis, Babysitting, Snorkelling, Evening Entertainment, Wi-Fi Free"
Ladera Resort,https://www.agoda.com/partners/partnersearch.aspx?pcs=1&cid=1959986&hl=en-us&hid=261592,$$$$,9.4,8.8,N/A,7.8,9.4,9.6,9.4,8.5,9.3,9.5,9.2,Saint Lucia,Soufriere,George F. L. Charles,Adults Only,,"Gym, Yoga Classes, Horseback Riding, Fishing, Diving, Heated Pool, Room Service, Hiking, Snorkelling, Evening Entertainment, Wi-Fi Free"
El Dorado Maroma,https://www.agoda.com/partners/partnersearch.aspx?pcs=1&cid=1959986&hl=en-us&hid=2667272,$$$$,9.6,8.0,8.0,7.4,8.0,9.2,9.2,8.8,9.3,9.4,9.0,Mexico,Playa Maroma,Cancun,Adults Only,,"Beach, Gym, Room Service, Snorkelling, Fishing, Nightclub, Spa, Swim Up Bar, Diving, Evening Entertainment, Buffet, Wi-Fi Paid"
Hyatt Ziva Cap Cana,https://www.agoda.com/partners/partnersearch.aspx?pcs=1&cid=1959986&hl=en-us&hid=6946527,$$$$,9.6,8.4,7.5,8.5,8.4,9.5,9.5,9.3,9.6,9.6,9.3,Dominican Republic,Cap Cana,Punta Cana,Family,,"Beach, Kids Club, Teen Club, Lazy River, Heated Pool, Gym, Yoga Classes, Adult Pool, Swim Up Bar, Horseback Riding, Nightclub, Babysitting, Room Service, Snorkelling, Watersports Equipment Rentals, Spa, Evening Entertainment, Buffet, Restaurants Don't Require Reservations, Wi-Fi Free, Waterpark For Little Kids, Waterpark For Big Kids, Rooms for 5+ People"
Hotel Serendipity Tortuguero,https://www.agoda.com/partners/partnersearch.aspx?pcs=1&cid=1959986&hl=en-us&hid=35125918,$$$,9.4,7.2,4.0,5.0,7.5,9.0,9.1,9.1,9.0,9.4,8.9,Costa Rica,Tortuguero,Tortuquero,Adults Only,No Alcohol,"Beach, Hiking, Room Service, Fishing, Wi-Fi Free"
Sugar Mill Hotel,https://www.agoda.com/partners/partnersearch.aspx?pcs=1&cid=1959986&hl=en-us&hid=21636331,$$$$,9.5,8.8,5.8,6.0,8.0,9.0,9.0,9.0,9.3,9.4,9.2,British Virgin Islands,Tortola,Beef Island,Adults Only,,"Beach, Fishing, Diving, Spa, Snorkelling"
COCOS Hotel Antigua,https://www.agoda.com/partners/partnersearch.aspx?pcs=1&cid=1959986&hl=en-us&hid=70249778,$$$$,9.3,8.1,8.0,6.9,8.5,9.2,8.8,8.8,9.1,9.1,9.0,Antigua,Jolly Harbour,V.C. Bird,Adults Only,"No TV, Couples Only","Beach, Yoga Classes, Room Service, Snorkelling, Diving, Fishing, Evening Entertainment, Restaurants Don't Require Reservations, Wi-Fi Free"
Laru Beya Resort & Villas,https://www.agoda.com/partners/partnersearch.aspx?pcs=1&cid=1959986&hl=en-us&hid=404730,$$$,9.4,7.6,6.0,6.2,7.3,8.6,8.9,9.1,9.1,9.3,8.9,Belize,Placencia,Placencia,Family,,"Wi-Fi Free, Beach, Hiking, Fishing, Bicycles Available, Room Service, Diving, Snorkelling"
Meliá Cayo Coco,https://www.agoda.com/partners/partnersearch.aspx?pcs=1&cid=1959986&hl=en-us,$$$,9.3,6.1,8.5,6.4,6.6,8.8,8.2,8.6,8.5,8.5,8.7,Cuba,Cayo Coco,Cayo Coco,Adults Only,,"Beach, Gym, Archery, Bicycles Available, Diving, Tennis, Fishing, Yoga Classes, Snorkelling, Evening Entertainment, Spa, Buffet"
Iberostar Coral Ensenachos,https://www.agoda.com/partners/partnersearch.aspx?pcs=1&cid=1959986&hl=en-us,$$$,9.5,6.7,9.5,7.3,7.2,9.3,8.9,8.7,8.8,8.9,8.5,Cuba,Cayo Ensenachos,Santa Clara,Adults Only,,"Beach, Gym, Archery, Yoga Classes, Room Service, Diving, Tennis, Swim Up Bar, Snorkelling, Watersports Equipment Rentals, Spa, Evening Entertainment, Buffet, Wi-Fi Paid"
Le Blanc Spa Resort Cancun,https://www.agoda.com/partners/partnersearch.aspx?pcs=1&cid=1959986&hl=en-us&hid=2457916,$$$$,9.6,9.4,8.5,8.7,8.8,9.4,9.6,9.0,9.8,9.8,9.7,Mexico,Cancun,Cancun,Adults Only,,"Beach, Heated Pool, Gym, Diving, Room Service, Swim Up Bar, Nightclub, Spa, Fishing, Evening Entertainment, Buffet, Wi-Fi Free"
Galley Bay Resort & Spa,https://www.agoda.com/partners/partnersearch.aspx?pcs=1&cid=1959986&hl=en-us&hid=2666207,$$$$,9.5,8.2,8.0,6.9,8.0,9.3,9.0,8.7,9.4,9.3,8.9,Antigua,Five Islands Village,V.C. Bird,Adults Only,,"Beach, Gym, Bicycles Available, Yoga Classes, Tennis, Snorkelling, Fishing, Spa, Buffet, Wi-Fi Paid"
Manta Island Resort,https://www.agoda.com/partners/partnersearch.aspx?pcs=1&cid=1959986&hl=en-us,,9.8,8.0,8.5,6.9,8.6,9.9,9.5,9.5,9.7,9.8,9.1,Belize,Glovers Reef Atoll,Philip S.W. Goldson,Family,,"Diving, Room Service, Snorkelling, Beach, Spa, Fishing, Wi-Fi Free"
Andaz Peninsula Papagayo Resort,https://www.agoda.com/partners/partnersearch.aspx?pcs=1&cid=1959986&hl=en-us&hid=67394778,$$$$,9.5,8.8,6.3,8.4,8.9,9.2,9.5,8.7,9.7,9.5,8.8,Costa Rica,Gulf of Papagayo,Liberia,Family,,"Gym, Bicycles Available, Yoga Classes, Buffet, Hiking, Watersports Equipment Rentals, Fishing, Beach, Babysitting, Adult Pool, Diving, Snorkelling, Evening Entertainment, Kids Club, Pets Allowed, Spa, Wi-Fi Free, Rooms for 5+ People"
"Sugar Beach, A Viceroy Resort",https://www.agoda.com/partners/partnersearch.aspx?pcs=1&cid=1959986&hl=en-us&hid=2673298,$$$$,9.4,8.9,8.5,8.7,9.5,9.8,9.6,8.3,9.7,9.4,9.1,Saint Lucia,Soufriere,George F. L. Charles,Family,,"Beach, Kids Club, Heated Pool, Gym, Yoga Classes, Diving, Snorkelling, Babysitting, Hiking, Tennis, Fishing, Spa, Evening Entertainment, Buffet, Wi-Fi Free, Rooms for 5+ People"
Salinas Maragogi Resort,https://www.agoda.com/partners/partnersearch.aspx?pcs=1&cid=1959986&hl=en-us&hid=373669,$$$$,9.5,7.8,8.0,7.4,7.5,8.6,8.7,8.8,9.1,9.4,8.9,Brazil,Maragogi,Palmares,Family,,"Buffet, Tennis, Spa, Beach, Adult Pool, Diving, Hiking, Evening Entertainment, Kids Club, Rooms for 5+ People"
Valentin Imperial Riviera Maya,https://www.agoda.com/partners/partnersearch.aspx?pcs=1&cid=1959986&hl=en-us&hid=2452100,$$$$,9.4,8.1,7.0,8.5,8.0,9.1,9.0,9.1,9.3,9.3,8.7,Mexico,Playa del Secreto,Cancun,Adults Only,,"Beach, Gym, Archery, Yoga Classes, Diving, Tennis, Room Service, Swim Up Bar, Bicycles Available, Nightclub, Spa, Evening Entertainment, Buffet, Restaurants Don't Require Reservations"
Unico Hotel Riviera Nayarit,https://www.agoda.com/partners/partnersearch.aspx?pcs=1&cid=1959986&hl=en-us&hid=66024984,$$$$,9.4,8.7,6.5,8.6,8.6,9.1,9.5,9.1,9.7,9.5,9.2,Mexico,Puerto Vallarta,Ordaz,Adults Only,,"Gym, Bicycles Available, Room Service, Beach, Buffet, Swim Up Bar, Wi-Fi Free"
S Hotel Montego Bay,https://www.agoda.com/partners/partnersearch.aspx?pcs=1&cid=1959986&hl=en-us&hid=10913838,$$$$,9.6,8.1,7.3,7.6,8.6,9.1,9.6,9.4,9.6,9.6,9.0,Jamaica,Montego Bay,Sangster,Family,8+ Allowed,"Beach, Gym, Snorkelling, Yoga Classes, Evening Entertainment, Room Service, Nightclub, Spa, Wi-Fi Free"
Desire Pearl Riviera Maya,https://www.agoda.com/partners/partnersearch.aspx?pcs=1&cid=1959986&hl=en-us&hid=30608263,$$$$,9.4,7.4,5.8,7.0,7.4,8.6,8.8,8.5,9.0,9.2,8.2,Mexico,Puerto Morelos,Cancun,Adults Only,"Clothing Optional, Couples Only","Beach, Gym, Yoga Classes, Swim Up Bar, Spa, Evening Entertainment, Buffet, Wi-Fi Free"
Sandals Royal Plantation,https://www.agoda.com/partners/partnersearch.aspx?pcs=1&cid=1959986&hl=en-us&hid=2203929,$$$$,9.5,8.1,6.8,6.9,8.3,9.1,9.1,8.7,9.5,9.6,9.4,Jamaica,Ochos Rios,Sangster,Adults Only,Couples Only,"Beach, Gym, Diving, Tennis, Evening Entertainment, Room Service, Golf Course, Fishing, Spa, Buffet, Wi-Fi Free"
Hotel Mousai Cancun,https://www.agoda.com/partners/partnersearch.aspx?pcs=1&cid=1959986&hl=en-us&hid=54626516,$$$$,9.5,8.8,7.3,8.9,8.7,9.0,9.8,9.1,9.7,9.6,9.0,Mexico,Costa Mujeres,Cancun,Adults Only,,"Heated Pool, Gym, Snorkelling, Spa, Room Service, Beach, Bicycles Available, Wi-Fi Free"
Round Hill Hotel and Villas,https://www.agoda.com/partners/partnersearch.aspx?pcs=1&cid=1959986&hl=en-us&hid=86183481,$$$$,9.5,8.8,6.5,7.8,9.2,9.4,9.5,8.7,9.6,9.6,9.1,Jamaica,Hopewell,Sangster,Family,,"Beach, Kids Club, Gym, Diving, Snorkelling, Watersports Equipment Rentals, Fishing, Babysitting, Yoga Classes, Hiking, Tennis, Windsurfing, Spa, Evening Entertainment, Buffet, Wi-Fi Free, Rooms for 5+ People"
Salinas Maceió Resort,https://www.agoda.com/partners/partnersearch.aspx?pcs=1&cid=1959986&hl=en-us&hid=354593,$$$$,9.4,7.8,7.3,7.3,7.4,8.4,8.7,8.9,9.1,9.3,8.7,Brazil,Maceio,Palmares,Family,,"Gym, Buffet, Kids Club, Spa, Beach, Adult Pool, Evening Entertainment, Babysitting, Rooms for 5+ People"
Family Selection at Grand Palladium Select Bávaro,https://www.agoda.com/partners/partnersearch.aspx?pcs=1&cid=1959986&hl=en-us&hid=67876693,$$$$,8.9,7.4,7.8,7.6,7.4,8.4,8.0,8.0,8.6,8.4,8.6,Dominican Republic,Bavaro,Punta Cana,Family,,"Gym, Diving, Yoga Classes, Swim Up Bar, Tennis, Evening Entertainment, Kids Club, Beach, Babysitting, Wi-Fi Free, Buffet, Nightclub, Spa"
Secrets Cap Cana Resort & Spa,https://www.agoda.com/partners/partnersearch.aspx?pcs=1&cid=1959986&hl=en-us&hid=2668373,$$$$,9.7,8.4,8.5,8.5,8.7,9.5,9.5,9.2,9.6,9.6,9.2,Dominican Republic,Cap Cana,Punta Cana,Adults Only,,"Beach, Gym, Windsurfing, Swim Up Bar, Nightclub, Room Service, Spa, Evening Entertainment, Buffet, Restaurants Don't Require Reservations, Wi-Fi Free, Pets Allowed"
JOIA Rose Hall by Iberostar,https://www.agoda.com/partners/partnersearch.aspx?pcs=1&cid=1959986&hl=en-us&hid=1281705,$$$$,9.4,8.0,5.8,7.6,7.9,8.8,9.3,8.8,9.3,9.3,8.6,Jamaica,Rose Hall,Sangster,Adults Only,,"Beach, Gym, Casino, Swim Up Bar, Diving, Room Service, Tennis, Fishing, Nightclub, Spa, Evening Entertainment, Buffet"
Emerald Estates Luxury Villas,https://www.agoda.com/partners/partnersearch.aspx?pcs=1&cid=1959986&hl=en-us,$$$$,9.6,7.7,4.0,7.3,7.3,8.7,9.0,8.9,9.1,9.3,8.9,Mexico,Mazatlan,Gen Rafael Buelna,Family,,"Beach, Heated Pool, Gym, Tennis, Yoga Classes, Adult Pool, Room Service, Swim Up Bar, Spa, Buffet, Wi-Fi Free, Rooms for 5+ People"
Manchebo Beach Resort & Spa,https://www.agoda.com/partners/partnersearch.aspx?pcs=1&cid=1959986&hl=en-us&hid=82180,$$$$,9.5,8.5,9.5,6.4,7.8,9.4,8.9,9.0,9.4,9.5,9.0,Aruba,Palm - Eagle Beach,Reina Beatrix,Adults Only,,"Beach, Gym, Diving, Yoga Classes, Room Service, Snorkelling, Spa, Evening Entertainment, Wi-Fi Free"
Le Blanc Spa Resort Los Cabos,https://www.agoda.com/partners/partnersearch.aspx?pcs=1&cid=1959986&hl=en-us&hid=7183266,$$$$,9.5,9.4,7.5,8.7,9.1,9.4,9.8,9.1,9.8,9.8,9.5,Mexico,San Jose del Cabo,Los Cabos,Adults Only,,"Beach, Heated Pool, Gym, Room Service, Swim Up Bar, Evening Entertainment, Spa, Buffet, Wi-Fi Free"
Cap Maison Resort & Spa,https://www.agoda.com/partners/partnersearch.aspx?pcs=1&cid=1959986&hl=en-us&hid=85315340,$$$$,9.4,9.1,6.5,7.4,8.6,9.2,9.3,8.8,9.5,9.4,9.3,Saint Lucia,Cap Estate,George F. L. Charles,Family,,"Gym, Diving, Snorkelling, Wi-Fi Free, Beach, Buffet, Spa, Rooms for 5+ People"
JOIA Aruba by Iberostar,https://www.agoda.com/partners/partnersearch.aspx?pcs=1&cid=1959986&hl=en-us&hid=55830783,$$$$,9.4,8.1,9.0,7.6,7.9,8.9,9.4,8.9,9.4,9.3,8.6,Aruba,Palm - Eagle Beach,Reina Beatrix,Family,,"Beach, Buffet, Golf Course, Spa, Gym, Wi-Fi Free, Adult Pool, Swim Up Bar, Nightclub"
Baoase Luxury Resort,https://www.agoda.com/partners/partnersearch.aspx?pcs=1&cid=1959986&hl=en-us&hid=10913792,$$$$,9.6,9.4,8.0,9.3,9.5,9.4,9.6,8.8,9.7,9.7,9.6,Curaçao,Willemstad,Aeropuerto Hato,Family,,"Beach, Gym, Room Service, Diving, Snorkelling, Spa, Wi-Fi Free"
Eden Roc Cap Cana,https://www.agoda.com/partners/partnersearch.aspx?pcs=1&cid=1959986&hl=en-us&hid=69186559,$$$$,9.4,9.3,8.5,8.7,9.2,9.4,9.6,8.6,9.6,9.5,9.3,Dominican Republic,Cap Cana,Punta Cana,Family,Alcohol not included,"Wi-Fi Free, Gym, Bicycles Available, Buffet, Golf Course, Horseback Riding, Fishing, Kids Club, Pets Allowed, Spa, Beach, Babysitting, Yoga Classes, Room Service, Hiking, Snorkelling, Evening Entertainment"
Little Palm Island Resort & Spa,https://www.agoda.com/partners/partnersearch.aspx?pcs=1&cid=1959986&hl=en-us&hid=62878352,,9.3,9.4,6.8,8.2,9.6,9.8,9.7,8.0,9.8,9.8,9.1,United States,Little Torch Key,Key West,Adults Only,Alcohol not included,"Beach, Heated Pool, Gym, Snorkelling, Evening Entertainment, Yoga Classes, Room Service, Diving, Watersports Equipment Rentals, Fishing, Spa, Wi-Fi Free"
Fairmont Mayakoba,https://www.agoda.com/partners/partnersearch.aspx?pcs=1&cid=1959986&hl=en-us&hid=31371610,$$$$,9.4,8.7,6.5,8.6,8.5,9.4,9.4,8.5,9.5,9.4,8.9,Mexico,Playa del Carmen,Cancun,Family,,"Beach, Kids Club, Pool Slide, Water Feature, Heated Pool, Gym, Archery, Bicycles Available, Diving, Snorkelling, Watersports Equipment Rentals, Spa, Yoga Classes, Adult Pool, Room Service, Swim Up Bar, Golf Course, Tennis, Windsurfing, Buffet, Wi-Fi Free"
Secrets Playa Blanca Costa Mujeres,https://www.agoda.com/partners/partnersearch.aspx?pcs=1&cid=1959986&hl=en-us&hid=42552525,$$$$,9.5,8.1,7.8,8.4,8.1,9.2,9.6,9.0,9.6,9.4,8.8,Mexico,Costa Mujeres,Cancun,Adults Only,,"Beach, Evening Entertainment, Spa, Gym, Buffet, Restaurants Don't Require Reservations, Wi-Fi Free"
Barceló Maya Riviera,https://www.agoda.com/partners/partnersearch.aspx?pcs=1&cid=1959986&hl=en-us&hid=25010484,$$$$,9.3,7.1,6.8,7.6,7.1,8.6,9.2,8.7,9.2,8.7,8.6,Mexico,Barcelo Maya,Cancun,Adults Only,,"Beach, Gym, Snorkelling, Evening Entertainment, Spa, Swim Up Bar, Tennis, Nightclub, Buffet, Wi-Fi Free, Fishing"
Excellence Punta Cana,https://www.agoda.com/partners/partnersearch.aspx?pcs=1&cid=1959986&hl=en-us&hid=2677428,$$$$,9.1,7.9,6.5,8.0,8.0,8.5,8.7,9.1,9.2,9.3,8.8,Dominican Republic,Punta Cana,Punta Cana,Adults Only,,"Beach, Gym, Horseback Riding, Swim Up Bar, Snorkelling, Tennis, Evening Entertainment, Nightclub, Spa, Buffet, Restaurants Don't Require Reservations"
The Explorean Kohunlich,https://www.agoda.com/partners/partnersearch.aspx?pcs=1&cid=1959986&hl=en-us&hid=2673468,$$$$,9.3,7.5,1.0,6.1,8.2,8.7,9.2,8.9,9.2,9.3,8.7,Mexico,Escarcega,Chetumal,Family,No TV,"Bicycles Available, Hiking, Spa"
Grand Residences Riviera Cancun,https://www.agoda.com/partners/partnersearch.aspx?pcs=1&cid=1959986&hl=en-us&hid=2461511,$$$$,9.4,8.8,5.8,8.3,8.1,8.8,9.7,9.1,9.7,9.6,8.5,Mexico,Puerto Morelos,Cancun,Family,,"Beach, Kids Club, Heated Pool, Gym, Bicycles Available, Room Service, Swim Up Bar, Diving, Snorkelling, Adult Pool, Tennis, Babysitting, Buffet, Wi-Fi Free, Rooms for 5+ People"
Excellence Coral Playa Mujeres,https://www.agoda.com/partners/partnersearch.aspx?pcs=1&cid=1959986&hl=en-us&hid=65272026,$$$$,9.5,8.7,7.5,8.7,8.6,9.1,9.5,9.2,9.6,9.6,9.3,Mexico,Cancun,Cancun,Adults Only,,"Gym, Archery, Buffet, Swim Up Bar, Tennis, Evening Entertainment, Beach, Yoga Classes, Adult Pool, Room Service, Snorkelling, Fishing, Spa, Restaurants Don't Require Reservations, Wi-Fi Free"
Petite Anse Hotel,https://www.agoda.com/partners/partnersearch.aspx?pcs=1&cid=1959986&hl=en-us&hid=30974857,$$$$,9.4,7.6,4.8,5.6,7.3,9.0,8.9,8.9,9.1,9.3,8.4,Grenada,Saint Patrick Parish,Point Saline,Family,Max 2 per Room,"Beach, Buffet, Wi-Fi Free"
Desire Riviera Maya Resort,https://www.agoda.com/partners/partnersearch.aspx?pcs=1&cid=1959986&hl=en-us&hid=30608260,$$$$,9.4,7.2,5.5,6.9,7.3,8.4,8.1,8.2,8.7,9.1,8.1,Mexico,Puerto Morelos,Cancun,Adults Only,"Clothing Optional, Couples Only","Beach, Gym, Swim Up Bar, Evening Entertainment, Spa, Room Service, Nightclub, Buffet, Wi-Fi Free"
Calabash Cove Resort and Spa,https://www.agoda.com/partners/partnersearch.aspx?pcs=1&cid=1959986&hl=en-us&hid=15385568,$$$$,9.5,8.2,5.5,7.3,8.0,9.0,9.2,9.0,9.4,9.4,8.9,Saint Lucia,Corinth,George F. L. Charles,Adults Only,,"Gym, Diving, Spa, Beach, Swim Up Bar, Fishing, Wi-Fi Free"
Sailrock South Caicos,https://www.agoda.com/partners/partnersearch.aspx?pcs=1&cid=1959986&hl=en-us&hid=28185461,$$$$,9.6,8.5,8.8,8.0,8.6,9.5,9.5,8.8,9.6,9.6,9.2,Turks and Caicos,South Caicos,Providenciales,Family,,"Gym, Bicycles Available, Snorkelling, Windsurfing, Fishing, Yoga Classes, Room Service, Diving, Watersports Equipment Rentals, Spa, Beach, Buffet, Wi-Fi Free, Rooms for 5+ People"
"Naviva, A Four Seasons Resort",https://www.agoda.com/partners/partnersearch.aspx?pcs=1&cid=1959986&hl=en-us&hid=80969314,$$$$,9.5,9.5,5.0,8.7,9.9,9.4,9.4,8.6,9.6,9.7,9.0,Mexico,Punta de Mita,Ordaz,Adults Only,,"Gym, Bicycles Available, Golf Course, Tennis, Fishing, Spa, Beach, Pets Allowed, Yoga Classes, Room Service, Hiking, Wi-Fi Free"
Club Med Trancoso,https://www.agoda.com/partners/partnersearch.aspx?pcs=1&cid=1959986&hl=en-us&hid=73834922,$$$$,9.3,7.4,7.8,6.9,7.3,8.9,8.8,8.4,8.9,9.0,8.7,Brazil,Trancoso,Porto Seguro,Family,,"Gym, Hiking, Adult Pool, Swim Up Bar, Evening Entertainment, Nightclub, Kids Club, Spa, Buffet, Babysitting, Beach, Rooms for 5+ People"
Club Med Michès Playa Esmeralda,https://www.agoda.com/partners/partnersearch.aspx?pcs=1&cid=1959986&hl=en-us&hid=83273775,$$$$,9.3,8.0,8.3,8.0,8.3,9.1,9.1,8.7,9.2,9.2,8.8,Dominican Republic,Miches,Punta Cana,Family,,"Beach, Kids Club, Teen Club, Kids Club for Under 4, Gym, Archery, Yoga Classes, Tennis, Spa, Babysitting, Adult Pool, Horseback Riding, Evening Entertainment, Nightclub, Buffet, Waterpark For Big Kids, Rooms for 5+ People"
Iberostar Selection Varadero,https://www.agoda.com/partners/partnersearch.aspx?pcs=1&cid=1959986&hl=en-us,$$$,9.3,6.8,9.0,7.3,7.0,8.8,8.7,8.5,8.9,8.8,8.2,Cuba,Varadero,Varadero,Family,,"Beach, Kids Club, Teen Club, Babysitting, Swim Up Bar, Snorkelling, Evening Entertainment, Spa, Gym, Archery, Yoga Classes, Diving, Tennis, Buffet, Waterpark For Little Kids"
TRS Yucatan Hotel,https://www.agoda.com/partners/partnersearch.aspx?pcs=1&cid=1959986&hl=en-us&hid=2451739,$$$$,9.3,8.0,5.0,8.2,8.1,8.6,9.1,8.9,9.3,9.2,9.0,Mexico,Solidaridad,Cancun,Adults Only,,"Beach, Gym, Diving, Evening Entertainment, Spa, Room Service, Swim Up Bar, Tennis, Nightclub, Buffet, Wi-Fi Free"
Summerville Resort,https://www.agoda.com/partners/partnersearch.aspx?pcs=1&cid=1959986&hl=en-us&hid=30206813,$$$$,9.4,7.5,7.5,6.9,7.2,8.8,8.7,8.7,9.0,9.1,8.5,Brazil,Porto de Galinhas,Guararapes,Family,,"Gym, Hiking, Evening Entertainment, Babysitting, Kids Club, Beach, Adult Pool, Buffet, Swim Up Bar, Tennis, Spa, Wi-Fi Free, Waterpark For Little Kids"
Family Selection at Grand Palladium Kantenah Resort & Spa,https://www.agoda.com/partners/partnersearch.aspx?pcs=1&cid=1959986&hl=en-us&hid=63100017,$$$$,9.2,7.5,6.3,7.6,7.4,8.6,9.0,8.7,9.0,8.9,8.7,Mexico,Playa del Carmen,Cancun,Family,,"Gym, Buffet, Tennis, Evening Entertainment, Spa, Wi-Fi Free, Beach, Babysitting, Swim Up Bar, Mini Golf, Kids Club, Waterpark For Little Kids"
Iberostar Selection Coral Cancún,https://www.agoda.com/partners/partnersearch.aspx?pcs=1&cid=1959986&hl=en-us&hid=6149977,$$$$,9.4,7.5,7.8,7.6,7.4,8.9,9.0,8.7,9.2,9.2,8.7,Mexico,Cancun,Cancun,Adults Only,,"Beach, Gym, Diving, Swim Up Bar, Evening Entertainment, Tennis, Spa, Buffet, Wi-Fi Free"
Excellence Oyster Bay,https://www.agoda.com/partners/partnersearch.aspx?pcs=1&cid=1959986&hl=en-us&hid=5827228,$$$$,9.1,8.3,6.3,8.6,8.6,9.2,9.4,8.9,9.4,9.2,9.2,Jamaica,Falmouth,Sangster,Adults Only,,"Beach, Gym, Snorkelling, Evening Entertainment, Nightclub, Spa, Swim Up Bar, Buffet, Restaurants Don't Require Reservations, Wi-Fi Free"
Hyatt Zilara Cancun,https://www.agoda.com/partners/partnersearch.aspx?pcs=1&cid=1959986&hl=en-us&hid=145962,$$$$,9.4,8.2,7.5,8.4,8.1,9.1,9.2,8.9,9.4,9.4,9.1,Mexico,Cancun,Cancun,Adults Only,,"Beach, Heated Pool, Gym, Diving, Spa, Swim Up Bar, Evening Entertainment, Buffet, Restaurants Don't Require Reservations, Wi-Fi Free"
Devossion by Live Aqua Playa Del Carmen,https://www.agoda.com/partners/partnersearch.aspx?pcs=1&cid=1959986&hl=en-us&hid=77145547,$$$$,9.0,8.0,5.5,7.5,7.9,8.8,9.0,8.4,9.2,8.9,8.9,Mexico,Playa del Carmen,Cancun,Adults Only,,"Beach, Spa, Room Service"
The Towers at Pueblo Bonito Pacifica,https://www.agoda.com/partners/partnersearch.aspx?pcs=1&cid=1959986&hl=en-us&hid=35615925,$$$$,9.5,7.6,3.5,7.6,8.0,9.1,9.4,9.0,9.6,9.5,8.8,Mexico,Cabo San Lucas,Los Cabos,Adults Only,,"Beach, Heated Pool, Gym, Yoga Classes, Swim Up Bar, Golf Course, Tennis, Room Service, Hiking, Spa, Buffet, Wi-Fi Free"
Casa de Campo Resort & Villas,https://www.agoda.com/partners/partnersearch.aspx?pcs=1&cid=1959986&hl=en-us&hid=2728141,$$$$,9.4,8.6,6.8,8.4,8.6,9.2,9.2,8.8,9.5,9.3,8.6,Dominican Republic,La Romana,Punta Cana,Family,,"Beach, Gym, Adult Pool, Horseback Riding, Tennis, Fishing, Spa, Babysitting, Yoga Classes, Room Service, Swim Up Bar, Golf Course, Snorkelling, Evening Entertainment, Nightclub, Buffet"
Anthony's Key Resort,https://www.agoda.com/partners/partnersearch.aspx?pcs=1&cid=1959986&hl=en-us&hid=817592,$$$,9.3,7.3,5.3,6.1,8.0,9.3,8.6,8.9,9.0,9.2,8.4,Honduras,Sandy Bay,Roatan,Family,"Alcohol not included, No TV","Beach, Snorkelling, Fishing, Spa, Diving, Horseback Riding, Evening Entertainment, Rooms for 5+ People"
Excellence El Carmen,https://www.agoda.com/partners/partnersearch.aspx?pcs=1&cid=1959986&hl=en-us&hid=70245769,$$$$,9.3,8.2,6.5,8.5,8.3,8.8,9.1,9.1,9.3,9.2,9.0,Dominican Republic,Uvero Alto,Punta Cana,Adults Only,,"Beach, Heated Pool, Gym, Diving, Tennis, Evening Entertainment, Nightclub, Swim Up Bar, Snorkelling, Spa, Buffet, Restaurants Don't Require Reservations, Wi-Fi Free"
Sandals Dunn's River,https://www.agoda.com/partners/partnersearch.aspx?pcs=1&cid=1959986&hl=en-us&hid=34132544,$$$$,9.4,8.1,6.8,8.5,8.4,9.3,9.5,8.7,9.7,9.5,8.7,Jamaica,Ochos Rios,Sangster,Adults Only,Couples Only,"Beach, Gym, Swim Up Bar, Spa, Buffet, Evening Entertainment, Nightclub, Wi-Fi Free"
Finest Playa Mujeres,https://www.agoda.com/partners/partnersearch.aspx?pcs=1&cid=1959986&hl=en-us&hid=2540403,$$$$,9.3,8.1,7.5,8.4,8.1,9.1,9.3,9.1,9.5,9.3,9.1,Mexico,Playa Mujeres,Cancun,Family,,"Beach, Kids Club, Pool Slide, Water Feature, Heated Pool, Kids Club for Under 4, Gym, Tennis, Adult Pool, Room Service, Nightclub, Babysitting, Swim Up Bar, Evening Entertainment, Spa, Buffet, Restaurants Don't Require Reservations, Wi-Fi Free, Waterpark For Little Kids"
Stolentime St. Lucia,https://www.agoda.com/partners/partnersearch.aspx?pcs=1&cid=1959986&hl=en-us&hid=35088063,$$$$,9.2,8.1,6.8,7.1,7.9,8.5,8.7,8.7,9.1,9.3,8.4,Saint Lucia,St. Lucia,George F. L. Charles,Adults Only,,"Beach, Gym, Archery, Yoga Classes, Snorkelling, Windsurfing, Fishing, Spa, Lazy River, Swim Up Bar, Diving, Tennis, Evening Entertainment, Buffet, Wi-Fi Free"
Live Aqua Beach Resort Cancun,https://www.agoda.com/partners/partnersearch.aspx?pcs=1&cid=1959986&hl=en-us&hid=2458545,$$$$,9.4,8.4,8.5,8.4,8.1,9.2,9.2,9.0,9.5,9.5,8.5,Mexico,Cancun,Cancun,Adults Only,,"Beach, Heated Pool, Gym, Evening Entertainment, Room Service, Swim Up Bar, Nightclub, Spa, Buffet, Wi-Fi Free"
Grand Solmar Land's End Resort & Spa,https://www.agoda.com/partners/partnersearch.aspx?pcs=1&cid=1959986&hl=en-us&hid=2453850,$$$$,9.5,8.2,3.5,8.7,8.3,9.5,9.6,9.0,9.6,9.5,8.6,Mexico,Cabo San Lucas,Los Cabos,Family,,"Beach, Kids Club, Heated Pool, Gym, Swim Up Bar, Evening Entertainment, Spa, Babysitting, Adult Pool, Buffet, Wi-Fi Free"
Viceroy Riviera Maya,https://www.agoda.com/partners/partnersearch.aspx?pcs=1&cid=1959986&hl=en-us&hid=2728131,$$$$,9.4,8.8,5.8,7.6,8.9,9.0,9.5,8.5,9.5,9.6,8.8,Mexico,Playa del Carmen,Cancun,Adults Only,,"Gym, Diving, Heated Pool, Room Service, Beach, Spa, Wi-Fi Free"
Anse Chastanet Resort,https://www.agoda.com/partners/partnersearch.aspx?pcs=1&cid=1959986&hl=en-us&hid=2666381,$$$$,9.2,8.3,7.0,6.0,8.5,9.5,8.8,8.3,9.1,9.3,9.0,Saint Lucia,Soufriere,George F. L. Charles,Family,No AC or Pool,"Beach, Snorkelling, Fishing, Diving, Spa, Tennis, Buffet"
Bluefields Bay Villas & Suites,https://www.agoda.com/partners/partnersearch.aspx?pcs=1&cid=1959986&hl=en-us&hid=69604083,$$$$,9.6,8.9,6.3,7.2,8.7,9.3,9.5,9.2,9.6,9.7,9.1,Jamaica,Bluefields,Sangster,Family,,"Beach, Babysitting, Diving, Horseback Riding, Tennis, Room Service, Hiking, Snorkelling, Wi-Fi Free, Rooms for 5+ People"
Zoëtry Casa del Mar Los Cabos,https://www.agoda.com/partners/partnersearch.aspx?pcs=1&cid=1959986&hl=en-us&hid=4424326,$$$$,9.3,8.2,3.5,7.3,8.0,9.0,9.2,8.8,9.4,9.5,8.6,Mexico,San Jose del Cabo,Los Cabos,Family,Max 3 per Room,"Beach, Heated Pool, Gym, Golf Course, Yoga Classes, Swim Up Bar, Tennis, Spa, Room Service, Evening Entertainment, Wi-Fi Free"
Iberostar Coral Holguin,https://www.agoda.com/partners/partnersearch.aspx?pcs=1&cid=1959986&hl=en-us,,9.5,6.6,7.8,7.1,6.6,8.9,9.1,9.0,9.0,8.9,8.6,Cuba,Rafael Freyre,Holguin,Adults Only,,"Gym, Archery, Room Service, Tennis, Evening Entertainment, Beach, Buffet, Snorkelling, Spa"
Cozumel Palace,https://www.agoda.com/partners/partnersearch.aspx?pcs=1&cid=1959986&hl=en-us&hid=2463372,$$$$,9.4,7.5,2.0,6.5,6.9,8.6,9.0,8.8,9.3,9.4,8.5,Mexico,Cozumel,Cozumel,Family,,"Kids Club, Heated Pool, Gym, Snorkelling, Evening Entertainment, Spa, Diving, Babysitting, Swim Up Bar, Fishing, Buffet, Wi-Fi Free, Rooms for 5+ People, Beach"
The Landings Resort and Spa,https://www.agoda.com/partners/partnersearch.aspx?pcs=1&cid=1959986&hl=en-us&hid=474838,$$$$,9.3,8.2,7.3,7.4,8.0,8.9,9.4,8.5,9.4,9.1,8.7,Saint Lucia,Rodney Bay,George F. L. Charles,Family,,"Beach, Kids Club, Gym, Diving, Tennis, Evening Entertainment, Babysitting, Watersports Equipment Rentals, Fishing, Spa, Buffet, Wi-Fi Free, Rooms for 5+ People"
TRS Turquesa Hotel,https://www.agoda.com/partners/partnersearch.aspx?pcs=1&cid=1959986&hl=en-us&hid=2728333,$$$$,9.1,7.5,7.8,7.6,7.4,8.6,8.6,8.5,8.9,8.8,8.9,Dominican Republic,Bavaro,Punta Cana,Adults Only,,"Beach, Gym, Casino, Snorkelling, Evening Entertainment, Nightclub, Room Service, Swim Up Bar, Diving, Tennis, Fishing, Spa, Buffet"
Haven Riviera Cancun,https://www.agoda.com/partners/partnersearch.aspx?pcs=1&cid=1959986&hl=en-us&hid=7011013,$$$$,9.2,8.1,4.8,8.4,7.7,8.5,9.2,8.9,9.4,9.2,8.9,Mexico,Cancun,Cancun,Adults Only,,"Beach, Heated Pool, Gym, Tennis, Buffet, Swim Up Bar, Nightclub, Spa, Evening Entertainment, Wi-Fi Free"
Thatch Caye,https://www.agoda.com/partners/partnersearch.aspx?pcs=1&cid=1959986&hl=en-us&hid=50389317,$$$$,9.5,7.7,6.8,5.0,8.3,9.7,9.1,9.1,9.3,9.6,8.5,Belize,Coco Plum Cay,Philip S.W. Goldson,Family,Max 3 per Room,"Diving, Beach, Snorkelling, Fishing"
Zel Punta Cana,https://www.agoda.com/partners/partnersearch.aspx?pcs=1&cid=1959986&hl=en-us&hid=186652,$$$$,9.2,7.4,7.8,7.3,7.4,8.6,9.1,8.6,9.2,8.9,8.9,Dominican Republic,Bavaro,Punta Cana,Family,,"Beach, Kids Club, Lazy River, Pool Slide, Water Feature, Gym, Casino, Yoga Classes, Golf Course, Watersports Equipment Rentals, Spa, Swim Up Bar, Buffet, Tennis"
Gran Muthu Rainbow Hotel,https://www.agoda.com/partners/partnersearch.aspx?pcs=1&cid=1959986&hl=en-us,,9.3,6.1,8.3,6.5,6.6,9.0,9.0,8.7,8.7,8.5,8.1,Cuba,Cayo Guillermo,Cayo Coco,Adults Only,,"Beach, Gym, Windsurfing, Nightclub, Yoga Classes, Tennis, Evening Entertainment, Spa, Buffet, Wi-Fi Paid"
UNICO 20°87° Hotel Riviera Maya,https://www.agoda.com/partners/partnersearch.aspx?pcs=1&cid=1959986&hl=en-us&hid=33550107,$$$$,9.4,8.7,5.8,8.7,9.2,9.1,9.5,9.1,9.7,9.5,9.0,Mexico,Akumal,Cancun,Adults Only,,"Beach, Heated Pool, Gym, Evening Entertainment, Room Service, Swim Up Bar, Nightclub, Spa, Buffet, Wi-Fi Free"
Paradisus La Perla,https://www.agoda.com/partners/partnersearch.aspx?pcs=1&cid=1959986&hl=en-us&hid=287177,$$$$,9.3,7.5,6.0,7.6,7.6,8.6,9.1,8.8,9.3,9.1,8.7,Mexico,Playa del Carmen,Cancun,Adults Only,,"Beach, Gym, Diving, Buffet, Swim Up Bar, Watersports Equipment Rentals, Room Service, Evening Entertainment, Nightclub, Spa, Wi-Fi Free"
Sun Palace,https://www.agoda.com/partners/partnersearch.aspx?pcs=1&cid=1959986&hl=en-us&hid=2467355,$$$$,9.4,8.0,8.3,7.1,7.6,8.7,9.2,8.9,9.4,9.4,8.5,Mexico,Cancun,Cancun,Adults Only,,"Beach, Heated Pool, Gym, Diving, Room Service, Swim Up Bar, Snorkelling, Fishing, Spa, Evening Entertainment, Buffet, Wi-Fi Free"
Hotel Xcaret Arte,https://www.agoda.com/partners/partnersearch.aspx?pcs=1&cid=1959986&hl=en-us&hid=31449820,$$$$,9.4,9.3,7.5,10.0,9.8,9.6,9.6,9.1,9.7,9.5,8.7,Mexico,Playa del Carmen,Cancun,Adults Only,16+ Allowed,"Beach, Heated Pool, Gym, Yoga Classes, Room Service, Swim Up Bar, Evening Entertainment, Nightclub, Pets Allowed, Hiking, Watersports Equipment Rentals, Spa, Buffet, Wi-Fi Free"
Majestic Mirage Punta Cana,https://www.agoda.com/partners/partnersearch.aspx?pcs=1&cid=1959986&hl=en-us&hid=2676916,$$$$,9.4,7.7,7.8,8.0,7.7,8.9,9.2,9.1,9.2,9.2,8.7,Dominican Republic,Bavaro,Punta Cana,Family,,"Beach, Kids Club, Gym, Buffet, Swim Up Bar, Tennis, Nightclub, Spa, Babysitting, Adult Pool, Room Service, Evening Entertainment, Wi-Fi Free"
Impression Moxché by Secrets,https://www.agoda.com/partners/partnersearch.aspx?pcs=1&cid=1959986&hl=en-us&hid=25929166,$$$$,9.4,9.4,5.5,10.0,9.3,9.4,9.8,9.0,9.8,9.7,9.0,Mexico,Playa del Carmen,Cancun,Adults Only,,"Beach, Heated Pool, Gym, Room Service, Nightclub, Spa, Evening Entertainment, Buffet, Restaurants Don't Require Reservations, Wi-Fi Free"
Vila Galé Cayo Santa Maria,https://www.agoda.com/partners/partnersearch.aspx?pcs=1&cid=1959986&hl=en-us,$$$$,9.1,6.0,8.8,6.4,6.2,8.8,8.7,8.8,8.5,8.5,8.1,Cuba,Cayo Las Brujas,Santa Clara,Family,,"Gym, Tennis, Buffet, Swim Up Bar, Evening Entertainment, Kids Club, Wi-Fi Free, Beach, Babysitting, Room Service"
Akumal Bay Beach & Wellness Resort,https://www.agoda.com/partners/partnersearch.aspx?pcs=1&cid=1959986&hl=en-us&hid=16941592,$$$$,9.4,7.5,8.3,7.1,7.6,9.2,8.9,9.3,9.2,9.2,8.3,Mexico,Akumal,Tulum,Family,,"Beach, Kids Club, Babysitting, Snorkelling, Evening Entertainment, Gym, Diving, Yoga Classes, Tennis, Spa, Buffet, Restaurants Don't Require Reservations"
Sandos Finisterra,https://www.agoda.com/partners/partnersearch.aspx?pcs=1&cid=1959986&hl=en-us&hid=10544792,$$$$,9.3,6.9,7.0,7.6,7.3,9.2,8.1,8.7,8.8,8.8,8.6,Mexico,Los Cabos,Los Cabos,Family,,"Beach, Heated Pool, Gym, Diving, Buffet, Swim Up Bar, Tennis, Fishing, Nightclub, Babysitting, Adult Pool, Room Service, Snorkelling, Evening Entertainment, Kids Club, Spa, Restaurants Don't Require Reservations, Rooms for 5+ People"
Cocobay Resort,https://www.agoda.com/partners/partnersearch.aspx?pcs=1&cid=1959986&hl=en-us&hid=10913875,$$$$,9.2,8.1,8.0,7.1,8.6,9.3,8.7,8.7,9.0,9.1,8.7,Antigua,Bolans,V.C. Bird,Adults Only,No TV,"Beach, Gym, Yoga Classes, Room Service, Snorkelling, Spa, Evening Entertainment, Wi-Fi Free"
Villa Del Palmar at The Islands of Loreto,https://www.agoda.com/partners/partnersearch.aspx?pcs=1&cid=1959986&hl=en-us&hid=267303,$$$$,9.3,7.6,7.0,7.4,7.8,9.3,9.4,8.9,9.5,9.4,8.7,Mexico,Loreto,Loreto,Family,,"Beach, Kids Club, Heated Pool, Gym, Diving, Yoga Classes, Horseback Riding, Tennis, Evening Entertainment, Nightclub, Babysitting, Room Service, Hiking, Snorkelling, Watersports Equipment Rentals, Fishing, Spa, Buffet, Rooms for 5+ People"
Hyatt Ziva Cancun,https://www.agoda.com/partners/partnersearch.aspx?pcs=1&cid=1959986&hl=en-us&hid=2451415,$$$$,9.3,8.2,8.0,8.5,8.2,9.4,9.3,8.9,9.5,9.3,9.0,Mexico,Cancun,Cancun,Family,,"Beach, Kids Club, Teen Club, Pool Slide, Water Feature, Heated Pool, Gym, Adult Pool, Swim Up Bar, Evening Entertainment, Nightclub, Spa, Babysitting, Buffet, Restaurants Don't Require Reservations, Wi-Fi Free, Waterpark For Little Kids, Rooms for 5+ People"
Sandals Grenada,https://www.agoda.com/partners/partnersearch.aspx?pcs=1&cid=1959986&hl=en-us&hid=5941089,$$$$,9.2,8.1,6.8,7.7,8.1,9.2,9.3,8.6,9.5,9.4,8.6,Grenada,Pink Gin Beach,Point Saline,Adults Only,Couples Only,"Beach, Gym, Diving, Spa, Buffet, Swim Up Bar, Tennis, Evening Entertainment"
Impression Isla Mujeres by Secrets,https://www.agoda.com/partners/partnersearch.aspx?pcs=1&cid=1959986&hl=en-us&hid=33406879,$$$$,9.3,9.4,7.8,8.9,9.3,9.6,9.7,8.8,9.8,9.7,9.2,Mexico,Isla Mujeres,Cancun,Adults Only,,"Beach, Swim Up Bar, Snorkelling, Evening Entertainment, Spa, Gym, Yoga Classes, Room Service, Diving, Restaurants Don't Require Reservations, Wi-Fi Free"
Blue Waters Resort & Spa,https://www.agoda.com/partners/partnersearch.aspx?pcs=1&cid=1959986&hl=en-us&hid=10913826,$$$$,8.2,8.2,6.8,7.1,8.0,8.8,7.5,7.4,8.5,8.4,8.6,Antigua,St. John's,V.C. Bird,Family,,"Beach, Kids Club, Gym, Snorkelling, Tennis, Evening Entertainment, Babysitting, Adult Pool, Watersports Equipment Rentals, Fishing, Spa, Buffet, Wi-Fi Free, Rooms for 5+ People"
Melia Costa Rey,https://www.agoda.com/partners/partnersearch.aspx?pcs=1&cid=1959986&hl=en-us,,9.0,6.1,8.5,6.4,6.1,8.6,8.5,8.4,8.4,8.3,8.0,Cuba,Cayo Coco,Cayo Coco,Family,,"Beach, Gym, Diving, Adult Pool, Swim Up Bar, Watersports Equipment Rentals, Babysitting, Buffet, Evening Entertainment, Nightclub, Kids Club, Spa"
Melia Buenavista,https://www.agoda.com/partners/partnersearch.aspx?pcs=1&cid=1959986&hl=en-us,$$,9.2,6.5,8.5,6.5,6.7,8.8,9.0,8.4,8.8,8.6,8.2,Cuba,Cayo Santa Maria,Cayo Coco,Adults Only,,"Beach, Gym, Diving, Buffet, Snorkelling, Fishing, Room Service, Tennis, Evening Entertainment"
El Dorado Seaside Palms,https://www.agoda.com/partners/partnersearch.aspx?pcs=1&cid=1959986&hl=en-us&hid=30892572,$$$$,9.2,7.5,4.3,7.4,7.3,8.3,8.7,8.7,9.0,9.1,8.9,Mexico,El Dorado,Cancun,Adults Only,,"Beach, Gym, Room Service, Watersports Equipment Rentals, Evening Entertainment, Nightclub, Buffet, Swim Up Bar, Tennis, Spa"
Marquis Los Cabos,https://www.agoda.com/partners/partnersearch.aspx?pcs=1&cid=1959986&hl=en-us&hid=173414,$$$$,9.4,8.4,6.8,8.2,8.3,9.0,9.3,8.9,9.5,9.5,8.7,Mexico,San Jose del Cabo,Los Cabos,Adults Only,,"Beach, Heated Pool, Gym, Buffet, Golf Course, Tennis, Evening Entertainment, Nightclub, Spa, Pets Allowed, Room Service, Diving, Horseback Riding, Fishing, Wi-Fi Free"
Premium Level at Barceló Maya Palace,https://www.agoda.com/partners/partnersearch.aspx?pcs=1&cid=1959986&hl=en-us&hid=2728440,$$$$,9.1,7.2,7.0,7.4,7.4,8.5,8.7,8.2,9.0,8.6,8.7,Mexico,Puerto Aventuras,Cancun,Family,,"Beach, Kids Club, Teen Club, Lazy River, Pool Slide, Water Feature, Heated Pool, Gym, Diving, Buffet, Tennis, Evening Entertainment, Nightclub, Spa, Babysitting, Adult Pool, Swim Up Bar, Snorkelling, Wi-Fi Paid, Waterpark For Little Kids, Rooms for 5+ People"
Paraíso de la Bonita Riviera Maya,https://www.agoda.com/partners/partnersearch.aspx?pcs=1&cid=1959986&hl=en-us&hid=85318104,$$$$,9.3,8.8,5.5,8.2,8.6,8.8,9.5,8.5,9.5,9.5,8.9,Mexico,Puerto Morelos,Cancun,Adults Only,,"Beach, Spa, Wi-Fi Free, Gym, Room Service"
Villa La Estancia Beach Resort & Spa,https://www.agoda.com/partners/partnersearch.aspx?pcs=1&cid=1959986&hl=en-us&hid=2459475,$$$$,9.4,8.1,5.8,7.6,7.7,9.0,9.2,8.8,9.4,9.2,8.6,Mexico,Cabo San Lucas,Los Cabos,Family,,"Beach, Lazy River, Heated Pool, Gym, Snorkelling, Fishing, Kids Club, Spa, Babysitting, Swim Up Bar, Room Service, Tennis, Rooms for 5+ People"
Zoëtry Agua Punta Cana,https://www.agoda.com/partners/partnersearch.aspx?pcs=1&cid=1959986&hl=en-us&hid=2728137,$$$$,9.2,8.4,6.5,7.8,8.4,8.9,9.3,8.7,9.3,9.4,8.9,Dominican Republic,Uvero Alto,Punta Cana,Family,,"Beach, Lazy River, Gym, Room Service, Evening Entertainment, Adult Pool, Swim Up Bar, Diving, Fishing, Spa, Wi-Fi Free"
Finest Punta Cana,https://www.agoda.com/partners/partnersearch.aspx?pcs=1&cid=1959986&hl=en-us&hid=12528818,$$$$,9.2,7.8,6.5,8.2,7.8,8.8,9.2,9.0,9.3,9.1,8.6,Dominican Republic,Punta Cana,Punta Cana,Family,,"Beach, Kids Club, Pool Slide, Water Feature, Kids Club for Under 4, Gym, Diving, Swim Up Bar, Snorkelling, Watersports Equipment Rentals, Spa, Babysitting, Yoga Classes, Adult Pool, Room Service, Tennis, Evening Entertainment, Buffet, Restaurants Don't Require Reservations, Wi-Fi Free, Waterpark For Little Kids, Rooms for 5+ People"
Stonefield Villa Resort,https://www.agoda.com/partners/partnersearch.aspx?pcs=1&cid=1959986&hl=en-us&hid=2673294,$$$$,9.2,8.2,1.0,7.4,8.5,9.4,9.1,8.8,9.2,9.1,9.1,Saint Lucia,Soufriere,George F. L. Charles,Adults Only,17+ Allowed,"Gym, Yoga Classes, Hiking, Evening Entertainment, Spa, Room Service, Diving, Snorkelling, Fishing, Wi-Fi Free"
Kempinski Hotel Cancún,https://www.agoda.com/partners/partnersearch.aspx?pcs=1&cid=1959986&hl=en-us&hid=2462495,$$$$,9.3,8.8,8.5,8.4,8.6,9.1,9.2,8.6,9.6,9.6,9.0,Mexico,Cancun,Cancun,Family,,"Gym, Diving, Room Service, Spa, Beach, Babysitting, Heated Pool, Buffet, Tennis, Evening Entertainment, Kids Club"
Grand Fiesta Americana Coral Beach,https://www.agoda.com/partners/partnersearch.aspx?pcs=1&cid=1959986&hl=en-us&hid=45988,$$$$,9.2,8.5,8.5,8.4,8.1,9.3,9.3,8.8,9.5,9.3,8.6,Mexico,Cancun,Cancun,Family,,"Beach, Kids Club, Heated Pool, Gym, Diving, Room Service, Watersports Equipment Rentals, Evening Entertainment, Babysitting, Swim Up Bar, Snorkelling, Fishing, Spa, Buffet, Wi-Fi Paid, Rooms for 5+ People"
Zoëtry Villa Rolandi Isla Mujeres,https://www.agoda.com/partners/partnersearch.aspx?pcs=1&cid=1959986&hl=en-us&hid=2460451,$$$$,9.3,8.8,6.0,7.3,8.1,9.0,9.0,8.5,9.4,9.4,8.9,Mexico,Isla Mujeres,Cancun,Adults Only,,"Beach, Heated Pool, Gym, Diving, Yoga Classes, Fishing, Spa, Room Service, Snorkelling, Wi-Fi Free"
Alaia Belize,https://www.agoda.com/partners/partnersearch.aspx?pcs=1&cid=1959986&hl=en-us&hid=17526088,$$$$,9.4,8.2,6.3,8.5,8.1,9.1,9.3,8.8,9.4,9.3,8.5,Belize,San Pedro,San Pedro,Family,,"Gym, Buffet, Diving, Watersports Equipment Rentals, Evening Entertainment, Spa, Beach, Room Service, Swim Up Bar, Snorkelling, Fishing, Wi-Fi Free"
Velas Vallarta,https://www.agoda.com/partners/partnersearch.aspx?pcs=1&cid=1959986&hl=en-us&hid=2452166,$$$$,9.3,7.3,5.3,6.7,6.8,8.7,8.8,8.9,9.1,9.3,8.3,Mexico,Puerto Vallarta,Ordaz,Family,,"Beach, Kids Club, Teen Club, Lazy River, Heated Pool, Gym, Diving, Evening Entertainment, Spa, Babysitting, Swim Up Bar, Tennis, Fishing, Buffet, Wi-Fi Paid, Rooms for 5+ People"
Villa Premiere Boutique Hotel,https://www.agoda.com/partners/partnersearch.aspx?pcs=1&cid=1959986&hl=en-us&hid=2448935,$$$$,9.3,8.1,5.3,6.9,8.0,8.9,9.0,8.9,9.3,9.4,8.9,Mexico,Puerto Vallarta,Ordaz,Adults Only,,"Beach, Heated Pool, Gym, Bicycles Available, Yoga Classes, Swim Up Bar, Hiking, Snorkelling, Evening Entertainment, Spa, Room Service, Diving, Horseback Riding, Fishing, Wi-Fi Free"
The Explorean Cozumel,https://www.agoda.com/partners/partnersearch.aspx?pcs=1&cid=1959986&hl=en-us&hid=2456625,$$$$,9.3,7.5,2.5,6.1,7.9,8.7,8.9,9.0,9.1,9.3,8.4,Mexico,Cozumel,Cozumel,Family,No TV,"Kids Club, Heated Pool, Gym, Snorkelling, Evening Entertainment, Spa, Bicycles Available, Buffet, Diving, Beach, Wi-Fi Free"
Villa La Estancia Beach Resort & Spa Riviera Nayarit,https://www.agoda.com/partners/partnersearch.aspx?pcs=1&cid=1959986&hl=en-us&hid=2459475,$$$$,9.4,8.1,6.8,7.6,7.7,8.9,9.2,8.9,9.4,9.2,8.5,Mexico,Flamingos,Ordaz,Family,,"Beach, Kids Club, Heated Pool, Gym, Diving, Swim Up Bar, Tennis, Babysitting, Spa, Rooms for 5+ People"
Hotel Mousai Puerto Vallarta,https://www.agoda.com/partners/partnersearch.aspx?pcs=1&cid=1959986&hl=en-us&hid=648538,$$$$,9.3,8.8,5.3,8.9,8.7,9.1,9.6,9.0,9.6,9.6,8.5,Mexico,Puerto Vallarta,Ordaz,Adults Only,,"Beach, Heated Pool, Gym, Tennis, Room Service, Spa, Buffet"
Brisa Grand Premium,https://www.agoda.com/partners/partnersearch.aspx?pcs=1&cid=1959986&hl=en-us,$$$$,9.1,7.3,6.3,7.3,6.7,8.8,9.1,8.4,9.1,9.0,8.9,Brazil,Costa Do Sauipe,Luis E. Magalhaes,Family,,"Gym, Bicycles Available, Tennis, Kids Club, Beach, Adult Pool, Buffet, Hiking, Evening Entertainment, Golf Course, Wi-Fi Free"
Iberostar Selection Praia Do Forte,https://www.agoda.com/partners/partnersearch.aspx?pcs=1&cid=1959986&hl=en-us&hid=850763,$$$$,8.9,7.4,7.3,7.4,7.4,8.6,8.8,8.2,8.9,8.6,8.5,Brazil,Praia do Forte,Luis E. Magalhaes,Family,,"Beach, Kids Club, Gym, Diving, Yoga Classes, Buffet, Swim Up Bar, Snorkelling, Spa, Babysitting, Tennis, Evening Entertainment, Nightclub, Rooms for 5+ People"
Barceló Maya Palace,https://www.agoda.com/partners/partnersearch.aspx?pcs=1&cid=1959986&hl=en-us&hid=2728440,$$$$,9.0,6.8,7.0,7.4,7.1,8.3,8.6,8.3,9.0,8.6,8.6,Mexico,Barcelo Maya,Cancun,Family,,"Beach, Kids Club, Teen Club, Pool Slide, Water Feature, Flowrider, Gym, Diving, Adult Pool, Swim Up Bar, Snorkelling, Spa, Babysitting, Buffet, Mini Golf, Tennis, Evening Entertainment, Nightclub, Waterpark For Little Kids, Rooms for 5+ People"
Pueblo Bonito Montecristo Estates,https://www.agoda.com/partners/partnersearch.aspx?pcs=1&cid=1959986&hl=en-us&hid=67401795,$$$$,9.3,8.1,5.5,8.0,8.3,8.9,9.4,8.8,9.4,9.3,9.3,Mexico,Cabo San Lucas,Los Cabos,Family,,"Beach, Kids Club, Heated Pool, Gym, Golf Course, Room Service, Tennis, Fishing, Spa, Diving, Adult Pool, Buffet, Swim Up Bar, Wi-Fi Free, Rooms for 5+ People"
Grand Lido Negril,https://www.agoda.com/partners/partnersearch.aspx?pcs=1&cid=1959986&hl=en-us&hid=2668661,$$$$,9.3,7.4,8.3,6.9,7.3,8.8,8.8,8.6,9.0,8.9,8.7,Jamaica,Negril,Sangster,Adults Only,"Clothing Optional, Nude Areas","Beach, Heated Pool, Gym, Buffet, Tennis, Nightclub, Swim Up Bar, Room Service, Snorkelling, Evening Entertainment, Spa, Wi-Fi Free"
Iberostar Selection Hacienda Dominicus,https://www.agoda.com/partners/partnersearch.aspx?pcs=1&cid=1959986&hl=en-us&hid=1331412,$$$$,9.0,7.4,8.3,7.3,7.4,8.7,8.6,8.8,9.1,9.0,8.6,Dominican Republic,Bayahibe,Punta Cana,Family,,"Gym, Diving, Yoga Classes, Buffet, Swim Up Bar, Snorkelling, Kids Club, Spa, Beach, Babysitting, Tennis, Evening Entertainment, Nightclub, Water Feature, Teen Club"
Rabot Hotel,https://www.agoda.com/partners/partnersearch.aspx?pcs=1&cid=1959986&hl=en-us&hid=691479,$$$$,9.1,8.8,1.0,7.6,9.1,9.3,9.4,8.6,9.5,9.2,8.2,Saint Lucia,Jalousle,George F. L. Charles,Adults Only,No TV,"Yoga Classes, Wi-Fi Free, Hiking, Room Service, Spa, Beach"
"The Ocean Club, A Luxury Collection Resort",https://www.agoda.com/partners/partnersearch.aspx?pcs=1&cid=1959986&hl=en-us&hid=30189598,$$$$,9.2,9.3,9.0,8.7,9.3,9.3,9.4,8.6,9.3,9.5,8.6,Dominican Republic,Sosua,La Union,Family,,"Gym, Yoga Classes, Room Service, Horseback Riding, Tennis, Beach, Babysitting, Adult Pool, Pool Slide, Golf Course, Snorkelling, Watersports Equipment Rentals"
Sol Varadero Beach,https://www.agoda.com/partners/partnersearch.aspx?pcs=1&cid=1959986&hl=en-us,$$$$,9.3,6.4,8.8,6.0,6.3,8.9,8.4,8.5,8.5,8.4,7.7,Cuba,Varadero,Varadero,Adults Only,,"Beach, Gym, Buffet, Swim Up Bar, Snorkelling, Evening Entertainment, Tennis, Nightclub"
Royalton Cayo Santa Maria,https://www.agoda.com/partners/partnersearch.aspx?pcs=1&cid=1959986&hl=en-us,,9.3,6.2,8.5,6.9,6.4,8.9,8.6,8.7,8.8,8.7,7.8,Cuba,Cayo Santa Maria,Santa Clara,Adults Only,,"Beach, Gym, Diving, Buffet, Evening Entertainment"
Secrets Tides Punta Cana,https://www.agoda.com/partners/partnersearch.aspx?pcs=1&cid=1959986&hl=en-us&hid=45892408,$$$$,9.1,7.9,6.5,8.4,8.1,8.8,9.5,8.7,9.5,9.2,8.6,Dominican Republic,Punta Cana,Punta Cana,Adults Only,,"Beach, Gym, Diving, Room Service, Swim Up Bar, Snorkelling, Evening Entertainment, Nightclub, Spa, Buffet, Restaurants Don't Require Reservations, Wi-Fi Free"
Majestic Elegance Costa Mujeres,https://www.agoda.com/partners/partnersearch.aspx?pcs=1&cid=1959986&hl=en-us&hid=6882567,$$$$,9.2,7.6,7.5,7.6,7.7,8.8,9.2,9.0,9.3,9.2,8.4,Mexico,Playa Mujeres,Cancun,Family,,"Beach, Kids Club, Teen Club, Gym, Swim Up Bar, Babysitting, Buffet, Evening Entertainment, Spa, Wi-Fi Free"
Club Med Cancun,https://www.agoda.com/partners/partnersearch.aspx?pcs=1&cid=1959986&hl=en-us&hid=82397045,$$$$,9.1,7.4,8.5,7.1,7.4,9.0,8.3,8.4,8.9,8.9,8.5,Mexico,Cancun,Cancun,Family,,"Beach, Kids Club, Teen Club, Pool Slide, Water Feature, Kids Club for Under 4, Gym, Tennis, Spa, Babysitting, Buffet, Diving, Evening Entertainment, Nightclub, Waterpark For Little Kids, Rooms for 5+ People"
Bahia Principe Grand Samana,https://www.agoda.com/partners/partnersearch.aspx?pcs=1&cid=1959986&hl=en-us&hid=78748281,$$$,9.0,6.9,7.0,6.7,7.0,8.5,8.7,8.7,9.1,9.0,8.6,Dominican Republic,Punta Balandra,Samaná El Catey,Adults Only,,"Gym, Buffet, Evening Entertainment, Spa, Beach, Lazy River"
The Signature Level at Grand Palladium Imbassaí,https://www.agoda.com/partners/partnersearch.aspx?pcs=1&cid=1959986&hl=en-us,$$$$,9.1,7.5,7.3,7.5,7.5,8.5,8.7,8.3,8.8,8.8,8.3,Brazil,Imbassai,Luis E. Magalhaes,Family,,"Gym, Hiking, Buffet, Nightclub, Spa, Wi-Fi Free, Evening Entertainment, Kids Club, Beach, Waterpark For Little Kids"
Couples Tower Isle,https://www.agoda.com/partners/partnersearch.aspx?pcs=1&cid=1959986&hl=en-us&hid=2540394,$$$$,9.1,7.6,6.0,6.7,7.5,8.3,8.3,8.8,9.0,9.2,8.3,Jamaica,Ochos Rios,Sangster,Adults Only,"Nude Areas, Couples Only","Beach, Gym, Buffet, Diving, Tennis, Windsurfing, Evening Entertainment, Nightclub, Room Service, Swim Up Bar, Snorkelling, Watersports Equipment Rentals, Spa"
Hotel Riu Palace Las Americas,https://www.agoda.com/partners/partnersearch.aspx?pcs=1&cid=1959986&hl=en-us&hid=2532218,$$$$,9.0,7.1,8.3,7.3,7.1,9.0,8.9,9.1,9.2,9.2,8.2,Mexico,Cancun,Cancun,Adults Only,,"Beach, Gym, Diving, Buffet, Swim Up Bar, Snorkelling, Fishing, Spa, Evening Entertainment, Restaurants Don't Require Reservations"
Pueblo Bonito Mazatlan Beach Resort,https://www.agoda.com/partners/partnersearch.aspx?pcs=1&cid=1959986&hl=en-us&hid=2454043,$$$$,9.3,7.4,6.0,7.3,7.3,8.6,8.4,8.7,8.9,9.0,8.8,Mexico,Mazatlan,Gen Rafael Buelna,Family,,"Beach, Heated Pool, Gym, Buffet, Swim Up Bar, Fishing, Rooms for 5+ People"
Catalonia Royal Tulum,https://www.agoda.com/partners/partnersearch.aspx?pcs=1&cid=1959986&hl=en-us&hid=154061,$$$$,9.1,7.0,8.0,7.1,7.4,8.8,8.6,8.8,9.1,9.0,8.5,Mexico,Xpu-Ha,Cancun,Adults Only,,"Beach, Gym, Diving, Buffet, Evening Entertainment, Nightclub, Spa, Fishing"
Secrets La Romana Resort and Spa,https://www.agoda.com/partners/partnersearch.aspx?pcs=1&cid=1959986&hl=en-us&hid=6343732,$$$$,9.1,7.8,8.3,7.6,7.7,8.7,8.6,8.8,9.1,9.1,8.5,Dominican Republic,Bayahibe,Punta Cana,Adults Only,,"Beach, Gym, Buffet, Casino, Snorkelling, Evening Entertainment, Nightclub, Room Service, Diving, Tennis, Fishing, Spa, Restaurants Don't Require Reservations, Waterpark For Big Kids, Lazy River"
Couples Sans Souci,https://www.agoda.com/partners/partnersearch.aspx?pcs=1&cid=1959986&hl=en-us&hid=2673430,$$$$,9.2,7.6,6.0,6.7,7.8,8.8,8.5,8.9,9.0,9.3,8.7,Jamaica,Ochos Rios,Sangster,Adults Only,"Nude Areas, Couples Only","Beach, Gym, Bicycles Available, Yoga Classes, Room Service, Swim Up Bar, Snorkelling, Watersports Equipment Rentals, Spa, Buffet, Diving, Tennis, Evening Entertainment, Wi-Fi Free"
Couples Negril,https://www.agoda.com/partners/partnersearch.aspx?pcs=1&cid=1959986&hl=en-us&hid=2493975,$$$$,9.0,7.6,8.8,6.9,7.8,8.9,8.3,8.8,8.9,9.1,8.2,Jamaica,Negril,Sangster,Adults Only,"Nude Areas, Couples Only","Beach, Gym, Buffet, Tennis, Windsurfing, Yoga Classes, Room Service, Swim Up Bar, Diving, Snorkelling, Watersports Equipment Rentals, Evening Entertainment, Nightclub, Spa"
Sanctuary Cap Cana,https://www.agoda.com/partners/partnersearch.aspx?pcs=1&cid=1959986&hl=en-us&hid=77076912,$$$$,9.3,8.2,8.0,8.4,8.6,9.2,9.1,8.8,9.3,9.3,8.5,Dominican Republic,Cap Cana,Punta Cana,Adults Only,,"Beach, Gym, Nightclub, Swim Up Bar, Evening Entertainment, Spa, Buffet"
Ti Kaye Resort & Spa,https://www.agoda.com/partners/partnersearch.aspx?pcs=1&cid=1959986&hl=en-us&hid=27877560,$$$$,9.1,8.2,6.5,7.1,8.6,8.8,9.2,8.8,9.2,9.2,8.7,Saint Lucia,Anse Cochon,George F. L. Charles,Adults Only,,"Gym, Diving, Room Service, Hiking, Evening Entertainment, Beach, Yoga Classes, Buffet, Snorkelling, Fishing, Spa, Wi-Fi Free"
Pueblo Bonito Pacifica,https://www.agoda.com/partners/partnersearch.aspx?pcs=1&cid=1959986&hl=en-us&hid=2453256,$$$$,9.1,8.0,3.5,7.6,8.0,8.7,8.8,8.6,9.3,9.1,8.8,Mexico,Cabo San Lucas,Los Cabos,Adults Only,,"Beach, Heated Pool, Gym, Golf Course, Buffet, Swim Up Bar, Hiking, Evening Entertainment, Yoga Classes, Room Service, Tennis, Fishing, Spa, Wi-Fi Paid"
Princess Senses the Mangrove,https://www.agoda.com/partners/partnersearch.aspx?pcs=1&cid=1959986&hl=en-us&hid=56249941,$$$$,9.3,7.5,6.5,7.6,7.4,8.7,9.5,9.0,9.4,9.2,8.6,Jamaica,Green Island,Sangster,Adults Only,,"Gym, Yoga Classes, Buffet, Evening Entertainment, Nightclub, Spa, Room Service, Swim Up Bar, Snorkelling, Beach, Wi-Fi Free"
Majestic Elegance Punta Cana,https://www.agoda.com/partners/partnersearch.aspx?pcs=1&cid=1959986&hl=en-us&hid=2493984,$$$$,9.2,7.4,7.8,7.4,7.4,8.7,8.8,9.0,9.0,8.9,8.2,Dominican Republic,Bavaro,Punta Cana,Family,,"Beach, Teen Club, Pool Slide, Water Feature, Gym, Buffet, Tennis, Kids Club, Spa, Babysitting, Adult Pool, Room Service, Swim Up Bar, Snorkelling, Evening Entertainment, Nightclub, Waterpark For Little Kids"
Sandals Saint Vincent,https://www.agoda.com/partners/partnersearch.aspx?pcs=1&cid=1959986&hl=en-us&hid=56827416,$$$$,9.3,8.2,6.5,8.5,8.7,9.3,9.6,8.5,9.6,9.3,8.7,Saint Vincent,Buccament,Argyle,Adults Only,Couples Only,"Beach, Buffet, Spa, Gym, Diving, Swim Up Bar, Evening Entertainment, Wi-Fi Free"
Hotel Xcaret México,https://www.agoda.com/partners/partnersearch.aspx?pcs=1&cid=1959986&hl=en-us&hid=7010998,$$$$,9.1,9.0,7.5,9.7,9.3,9.4,9.4,8.9,9.5,9.3,8.6,Mexico,Playa del Carmen,Cancun,Family,,"Beach, Kids Club, Teen Club, Lazy River, Pool Slide, Water Feature, Heated Pool, Gym, Bicycles Available, Yoga Classes, Adult Pool, Swim Up Bar, Tennis, Babysitting, Room Service, Evening Entertainment, Nightclub, Spa, Buffet, Wi-Fi Free, Waterpark For Little Kids"
Blue Haven Resort,https://www.agoda.com/partners/partnersearch.aspx?pcs=1&cid=1959986&hl=en-us&hid=1273494,$$$$,9.2,7.6,7.5,7.1,7.6,8.7,9.2,8.8,9.2,9.1,8.3,Turks and Caicos,Leeward,Providenciales,Family,,"Beach, Kids Club, Gym, Bicycles Available, Yoga Classes, Buffet, Swim Up Bar, Snorkelling, Evening Entertainment, Babysitting, Spa, Wi-Fi Free, Rooms for 5+ People"
El Cid Marina Beach Hotel,https://www.agoda.com/partners/partnersearch.aspx?pcs=1&cid=1959986&hl=en-us&hid=2462290,$$$,9.3,6.8,5.0,6.7,6.7,8.5,8.7,8.8,8.8,8.9,8.0,Mexico,Mazatlan,Gen Rafael Buelna,Family,,"Beach, Pool Slide, Water Feature, Heated Pool, Gym, Golf Course, Evening Entertainment, Kids Club, Spa, Babysitting, Buffet, Swim Up Bar, Tennis, Fishing, Wi-Fi Paid"
Sunset at the Palms,https://www.agoda.com/partners/partnersearch.aspx?pcs=1&cid=1959986&hl=en-us&hid=26957168,$$$$,9.1,7.6,7.5,6.0,8.6,8.5,8.8,8.9,9.2,9.2,8.6,Jamaica,Negril,Sangster,Adults Only,,"Beach, Gym, Diving, Buffet, Swim Up Bar, Snorkelling, Evening Entertainment, Room Service, Watersports Equipment Rentals, Spa"
Paradisus Río De Oro Resort & Spa,https://www.agoda.com/partners/partnersearch.aspx?pcs=1&cid=1959986&hl=en-us,$$$,9.1,6.7,9.0,7.1,7.0,8.9,8.4,8.7,8.8,8.8,8.2,Cuba,Holguin,Holguin,Adults Only,,"Beach, Gym, Snorkelling, Yoga Classes, Buffet, Swim Up Bar, Tennis, Evening Entertainment, Nightclub, Spa, Adult Pool"
Meliá Internacional Varadero,https://www.agoda.com/partners/partnersearch.aspx?pcs=1&cid=1959986&hl=en-us,$$$$,9.0,6.6,9.0,7.3,7.0,9.0,8.5,8.2,8.5,8.4,8.2,Cuba,Varadero,Varadero,Family,,"Beach, Kids Club, Gym, Buffet, Swim Up Bar, Tennis, Babysitting, Snorkelling, Evening Entertainment, Spa"
Privilege Aluxes,https://www.agoda.com/partners/partnersearch.aspx?pcs=1&cid=1959986&hl=en-us&hid=69673571,$$$$,9.0,7.6,9.3,6.9,7.2,9.2,8.8,8.8,9.2,8.9,8.7,Mexico,Isla Mujeres,Cancun,Adults Only,,"Beach, Gym, Diving, Room Service, Buffet, Swim Up Bar, Fishing, Spa, Wi-Fi Free"
Iberostar Waves Bahia,https://www.agoda.com/partners/partnersearch.aspx?pcs=1&cid=1959986&hl=en-us&hid=75153,$$$$,9.0,6.9,7.3,6.9,6.7,8.4,8.6,8.2,8.7,8.6,8.2,Brazil,Praia do Forte,Luis E. Magalhaes,Family,,"Gym, Archery, Buffet, Hiking, Tennis, Evening Entertainment, Nightclub, Beach, Babysitting, Yoga Classes, Swim Up Bar, Bicycles Available, Golf Course, Mini Golf, Kids Club, Rooms for 5+ People"
Serenade All Suites Resort,https://www.agoda.com/partners/partnersearch.aspx?pcs=1&cid=1959986&hl=en-us&hid=37802339,$$$$,9.0,7.0,6.3,7.3,7.0,8.7,9.0,8.9,9.1,8.8,8.6,Dominican Republic,Cabeza De Toro,Punta Cana,Adults Only,,"Beach, Gym, Swim Up Bar, Windsurfing, Nightclub, Spa, Buffet, Snorkelling, Evening Entertainment, Wi-Fi Free"
Sugar Cane Club Hotel & Spa,https://www.agoda.com/partners/partnersearch.aspx?pcs=1&cid=1959986&hl=en-us&hid=184970,$$$,9.1,7.6,3.0,5.8,7.3,8.0,8.7,8.9,9.1,9.1,8.7,Barbados,Saint Peter Parish,Grantley Adams,Adults Only,,"Gym, Buffet, Spa, Bicycles Available, Evening Entertainment, Wi-Fi Free"
Ocean Palace Beach Resort & Bungalows,https://www.agoda.com/partners/partnersearch.aspx?pcs=1&cid=1959986&hl=en-us,$$$$,9.2,7.5,7.3,7.4,7.1,8.9,8.8,8.7,8.9,8.9,8.5,Brazil,Natal,Greater Natal,Family,,"Gym, Adult Pool, Swim Up Bar, Tennis, Evening Entertainment, Beach, Lazy River, Heated Pool, Kids Club, Spa, Arcade, Buffet"
Gran Muthu Almirante Beach Hotel,https://www.agoda.com/partners/partnersearch.aspx?pcs=1&cid=1959986&hl=en-us,$$,9.3,6.1,8.5,6.5,6.3,9.0,9.0,8.8,8.8,8.6,8.1,Cuba,Guardalavaca,Holguin,Family,,"Beach, Kids Club, Teen Club, Gym, Archery, Buffet, Swim Up Bar, Bicycles Available, Snorkelling, Evening Entertainment, Spa, Babysitting, Adult Pool, Room Service, Diving, Horseback Riding, Tennis, Watersports Equipment Rentals, Nightclub, Waterpark For Little Kids, Rooms for 5+ People"
Dreams La Romana Resort and Spa,https://www.agoda.com/partners/partnersearch.aspx?pcs=1&cid=1959986&hl=en-us&hid=2668383,$$$$,9.2,7.5,7.8,7.3,7.1,9.0,8.8,8.8,9.0,9.0,8.2,Dominican Republic,Bayahibe,Punta Cana,Family,,"Beach, Kids Club, Teen Club, Lazy River, Pool Slide, Water Feature, Gym, Casino, Evening Entertainment, Nightclub, Spa, Babysitting, Adult Pool, Buffet, Diving, Pets Allowed, Restaurants Don't Require Reservations, Room Service, Wi-Fi Free, Waterpark For Little Kids, Waterpark For Big Kids"
Playacar Palace,https://www.agoda.com/partners/partnersearch.aspx?pcs=1&cid=1959986&hl=en-us&hid=2466872,$$$$,9.4,8.0,6.3,6.9,7.0,9.0,9.3,9.0,9.5,9.5,8.4,Mexico,Playa del Carmen,Cancun,Family,,"Beach, Gym, Bicycles Available, Buffet, Swim Up Bar, Diving, Fishing, Kids Club, Spa, Babysitting, Room Service, Snorkelling, Evening Entertainment, Wi-Fi Free, Rooms for 5+ People"
Ocean Allure Costa Mujeres,https://www.agoda.com/partners/partnersearch.aspx?pcs=1&cid=1959986&hl=en-us&hid=63087079,,9.1,7.2,7.5,7.3,7.0,7.2,8.5,8.6,8.9,8.7,8.4,Mexico,Costa Mujeres,Cancun,Adults Only,,"Gym, Lazy River, Swim Up Bar, Tennis, Evening Entertainment, Spa, Wi-Fi Free, Beach, Buffet, Snorkelling, Nightclub"
Hidden Beach Au Naturel Resort,https://www.agoda.com/partners/partnersearch.aspx?pcs=1&cid=1959986&hl=en-us&hid=2673292,$$$$,9.2,7.7,5.3,6.4,7.1,8.3,8.9,8.3,9.2,9.4,8.4,Mexico,El Dorado,Cancun,Adults Only,Clothing Optional,"Beach, Heated Pool, Gym, Swim Up Bar, Buffet, Evening Entertainment, Nightclub, Spa, Wi-Fi Free"
Hotel Riu Palace Riviera Maya,https://www.agoda.com/partners/partnersearch.aspx?pcs=1&cid=1959986&hl=en-us&hid=2540419,$$$$,9.1,7.2,7.3,7.3,7.1,8.8,8.6,8.8,9.1,9.1,8.4,Mexico,Playa del Carmen,Cancun,Family,,"Beach, Kids Club, Pool Slide, Water Feature, Gym, Diving, Watersports Equipment Rentals, Nightclub, Spa, Buffet, Swim Up Bar, Snorkelling, Windsurfing, Evening Entertainment, Restaurants Don't Require Reservations, Rooms for 5+ People"
Majestic Mirage Costa Mujeres,https://www.agoda.com/partners/partnersearch.aspx?pcs=1&cid=1959986&hl=en-us&hid=63087058,$$$$,9.2,7.7,7.8,7.6,7.4,8.8,9.2,9.0,9.3,9.2,8.8,Mexico,Costa Mujeres,Cancun,Family,,"Spa, Kids Club, Teen Club, Evening Entertainment, Beach, Buffet, Room Service, Wi-Fi Free, Waterpark For Little Kids, Swim Up Bar, Rooms for 5+ People, Flowrider"
Paradisus Playa del Carmen,https://www.agoda.com/partners/partnersearch.aspx?pcs=1&cid=1959986&hl=en-us&hid=287178,$$$$,9.0,7.6,5.3,7.6,7.3,8.3,9.0,8.5,9.2,8.9,8.8,Mexico,Playa del Carmen,Cancun,Family,,"Beach, Kids Club, Pool Slide, Water Feature, Kids Club for Under 4, Diving, Buffet, Watersports Equipment Rentals, Babysitting, Room Service, Swim Up Bar, Evening Entertainment, Nightclub, Spa, Wi-Fi Free, Waterpark For Little Kids, Rooms for 5+ People"
Villa del Arco Beach Resort & Spa,https://www.agoda.com/partners/partnersearch.aspx?pcs=1&cid=1959986&hl=en-us&hid=2449690,$$$$,9.2,7.6,6.5,7.4,7.1,9.0,9.1,8.7,9.3,9.1,8.4,Mexico,Cabo San Lucas,Los Cabos,Family,,"Beach, Kids Club, Lazy River, Heated Pool, Gym, Diving, Evening Entertainment, Babysitting, Fishing, Spa, Wi-Fi Free, Rooms for 5+ People"
Garza Blanca Preserve Resort & Spa,https://www.agoda.com/partners/partnersearch.aspx?pcs=1&cid=1959986&hl=en-us&hid=182776,$$$$,9.1,8.8,5.5,8.7,8.3,8.8,9.5,8.7,9.5,9.2,8.7,Mexico,Puerto Vallarta,Ordaz,Family,,"Beach, Kids Club, Heated Pool, Gym, Diving, Yoga Classes, Buffet, Babysitting, Adult Pool, Room Service, Snorkelling, Evening Entertainment, Pets Allowed, Spa, Wi-Fi Paid, Rooms for 5+ People"
Secrets Moxche Playa del Carmen,https://www.agoda.com/partners/partnersearch.aspx?pcs=1&cid=1959986&hl=en-us&hid=26842586,$$$$,9.1,9.2,5.7,9.5,8.7,9.2,9.6,8.9,9.7,9.5,8.8,Mexico,Playa del Carmen,Cancun,Adults Only,,"Beach, Heated Pool, Gym, Buffet, Swim Up Bar, Evening Entertainment, Nightclub, Yoga Classes, Room Service, Tennis, Spa, Restaurants Don't Require Reservations, Wi-Fi Free"
Marival Distinct Residences & Spa,https://www.agoda.com/partners/partnersearch.aspx?pcs=1&cid=1959986&hl=en-us&hid=2551414,$$$$,9.4,8.3,6.0,7.4,7.5,8.6,9.4,9.0,9.5,9.4,8.7,Mexico,Nuevo Vallarta,Ordaz,Family,,"Beach, Kids Club, Teen Club, Lazy River, Pool Slide, Water Feature, Heated Pool, Gym, Diving, Buffet, Fishing, Nightclub, Babysitting, Room Service, Tennis, Evening Entertainment, Spa, Wi-Fi Paid, Waterpark For Little Kids, Rooms for 5+ People"
Live Aqua Punta Cana,https://www.agoda.com/partners/partnersearch.aspx?pcs=1&cid=1959986&hl=en-us&hid=10312691,$$$$,9.2,8.0,6.5,8.2,8.0,8.7,9.4,9.0,9.4,9.3,8.4,Dominican Republic,Uvero Alto,Punta Cana,Adults Only,,"Beach, Gym, Room Service, Evening Entertainment, Nightclub, Buffet, Swim Up Bar, Spa, Wi-Fi Free"
The Westin Reserva Conchal,https://www.agoda.com/partners/partnersearch.aspx?pcs=1&cid=1959986&hl=en-us&hid=346103,$$$$,9.1,7.8,8.0,7.8,7.8,8.9,8.9,8.5,9.1,9.1,8.8,Costa Rica,Brasilito,Liberia,Family,,"Beach, Kids Club, Pool Slide, Water Feature, Gym, Bicycles Available, Buffet, Golf Course, Snorkelling, Watersports Equipment Rentals, Evening Entertainment, Spa, Yoga Classes, Adult Pool, Room Service, Diving, Horseback Riding, Tennis, Fishing, Nightclub, Wi-Fi Paid, Rooms for 5+ People"
Ocaporã Hotel,https://www.agoda.com/partners/partnersearch.aspx?pcs=1&cid=1959986&hl=en-us&hid=2925,$$$$,9.0,6.9,7.5,6.0,6.7,8.4,8.3,8.4,8.7,8.6,8.2,Brazil,Porto de Galinhas,Guararapes,Family,,"Gym, Tennis, Swim Up Bar, Spa, Beach, Adult Pool, Buffet, Evening Entertainment, Kids Club, Wi-Fi Paid"
Bahia Principe Escape Sian Ka'an,https://www.agoda.com/partners/partnersearch.aspx?pcs=1&cid=1959986&hl=en-us&hid=2451252,$$$$,9.1,7.0,3.5,6.7,7.2,7.7,8.7,8.9,9.0,9.0,8.0,Mexico,Akumal,Cancun,Adults Only,,"Beach, Gym, Golf Course, Buffet, Tennis, Evening Entertainment, Casino, Nightclub, Spa"
Bel Jou Hotel,https://www.agoda.com/partners/partnersearch.aspx?pcs=1&cid=1959986&hl=en-us&hid=79114308,$$$$,9.0,7.2,2.0,5.8,6.9,7.6,8.7,9.1,9.0,9.1,8.0,Saint Lucia,Castries,George F. L. Charles,Adults Only,,"Buffet, Evening Entertainment, Spa, Wi-Fi Free"
Hyatt Vivid Playa Del Carmen,https://www.agoda.com/partners/partnersearch.aspx?pcs=1&cid=1959986&hl=en-us&hid=50565376,$$$$,9.2,7.7,4.5,7.3,7.4,8.9,9.1,8.9,9.3,9.2,8.4,Mexico,Playa del Carmen,Cancun,Adults Only,,"Beach, Heated Pool, Gym, Yoga Classes, Room Service, Swim Up Bar, Tennis, Evening Entertainment, Buffet, Nightclub, Spa, Wi-Fi Free"
Pueblo Bonito Emerald Bay Resort & Spa,https://www.agoda.com/partners/partnersearch.aspx?pcs=1&cid=1959986&hl=en-us&hid=2460834,$$$,9.2,7.7,6.0,7.4,7.7,8.4,8.7,8.6,9.1,9.1,8.4,Mexico,Mazatlan,Mazatlan,Family,,"Beach, Kids Club, Heated Pool, Gym, Tennis, Adult Pool, Room Service, Spa, Yoga Classes, Buffet, Swim Up Bar, Rooms for 5+ People"
Avila Beach Hotel,https://www.agoda.com/partners/partnersearch.aspx?pcs=1&cid=1959986&hl=en-us&hid=2676478,$$$$,9.0,8.1,6.8,6.0,7.7,8.7,8.6,8.6,8.9,8.7,8.5,Curaçao,Willemstad,Aeropuerto Hato,Family,,"Gym, Diving, Yoga Classes, Room Service, Snorkelling, Spa, Wi-Fi Free, Beach, Buffet, Watersports Equipment Rentals"
Catalonia Royal La Romana,https://www.agoda.com/partners/partnersearch.aspx?pcs=1&cid=1959986&hl=en-us&hid=6853260,$$$$,9.1,7.1,8.0,7.1,6.9,8.9,9.1,8.6,9.1,8.9,8.6,Dominican Republic,Dominicus,Punta Cana,Adults Only,,"Beach, Gym, Tennis, Buffet, Swim Up Bar, Evening Entertainment, Spa, Wi-Fi Free"
Iberostar Waves Quetzal,https://www.agoda.com/partners/partnersearch.aspx?pcs=1&cid=1959986&hl=en-us&hid=1356568,$$$$,8.9,6.9,7.5,6.9,7.3,8.8,8.2,8.8,8.9,8.8,8.3,Mexico,Playa del Carmen,Cancun,Family,,"Beach, Kids Club, Teen Club, Gym, Diving, Buffet, Swim Up Bar, Tennis, Spa, Babysitting, Evening Entertainment, Wi-Fi Free, Waterpark For Little Kids, Rooms for 5+ People"
Costao Do Santinho,https://www.agoda.com/partners/partnersearch.aspx?pcs=1&cid=1959986&hl=en-us&hid=51730,$$$$,8.9,7.6,7.8,6.9,7.4,8.7,8.3,8.1,8.7,8.7,8.6,Brazil,Florianopolis,Hercilio Luz,Family,,"Gym, Yoga Classes, Hiking, Tennis, Beach, Babysitting, Heated Pool, Swim Up Bar, Golf Course, Evening Entertainment, Kids Club, Spa, Buffet"